ISO-10303-21;
HEADER;
/* Generated by software containing ST-Developer
 * from STEP Tools, Inc. (www.steptools.com) 
 */

FILE_DESCRIPTION(
/* description */ (''),
/* implementation_level */ '2;1');

FILE_NAME(
/* name */ 'Tokeychain Case V2 snap fittttt.step',
/* time_stamp */ '2026-08-09T22:49:16-04:00',
/* author */ (''),
/* organization */ (''),
/* preprocessor_version */ 'ST-DEVELOPER v20.1',
/* originating_system */ 'Autodesk Translation Framework v15.8.0.0',
/* authorisation */ '');

FILE_SCHEMA (('AUTOMOTIVE_DESIGN { 1 0 10303 214 3 1 1 }'));
ENDSEC;

DATA;
#10=MECHANICAL_DESIGN_GEOMETRIC_PRESENTATION_REPRESENTATION('',(#19,#20,
#21),#2311);
#11=ITEM_DEFINED_TRANSFORMATION($,$,#1411,#1522);
#12=(
REPRESENTATION_RELATIONSHIP($,$,#2322,#2321)
REPRESENTATION_RELATIONSHIP_WITH_TRANSFORMATION(#11)
SHAPE_REPRESENTATION_RELATIONSHIP()
);
#13=CONTEXT_DEPENDENT_SHAPE_REPRESENTATION(#12,#2320);
#14=NEXT_ASSEMBLY_USAGE_OCCURRENCE('Lid:1','Lid:1','Lid:1',#2324,#2325,
'Lid:1');
#15=SHAPE_REPRESENTATION_RELATIONSHIP('SRR','None',#2322,#17);
#16=SHAPE_REPRESENTATION_RELATIONSHIP('SRR','None',#2321,#18);
#17=ADVANCED_BREP_SHAPE_REPRESENTATION('',(#22),#2310);
#18=ADVANCED_BREP_SHAPE_REPRESENTATION('',(#23,#24),#2309);
#19=STYLED_ITEM('',(#2335),#22);
#20=STYLED_ITEM('',(#2335),#23);
#21=STYLED_ITEM('',(#2335),#24);
#22=MANIFOLD_SOLID_BREP('Body1',#1395);
#23=MANIFOLD_SOLID_BREP('Body1',#1396);
#24=MANIFOLD_SOLID_BREP('Body2',#1397);
#25=FACE_BOUND('',#183,.T.);
#26=FACE_BOUND('',#190,.T.);
#27=FACE_BOUND('',#192,.T.);
#28=FACE_BOUND('',#194,.T.);
#29=FACE_BOUND('',#218,.T.);
#30=FACE_BOUND('',#228,.T.);
#31=CIRCLE('',#1429,2.99999999999999);
#32=CIRCLE('',#1430,2.99999999999999);
#33=CIRCLE('',#1433,3.);
#34=CIRCLE('',#1434,3.);
#35=CIRCLE('',#1437,2.99999999999999);
#36=CIRCLE('',#1438,2.99999999999999);
#37=CIRCLE('',#1441,3.);
#38=CIRCLE('',#1442,3.);
#39=CIRCLE('',#1450,1.25);
#40=CIRCLE('',#1451,1.25);
#41=CIRCLE('',#1452,1.25);
#42=CIRCLE('',#1453,1.25);
#43=CIRCLE('',#1455,3.);
#44=CIRCLE('',#1456,3.);
#45=CIRCLE('',#1457,3.);
#46=CIRCLE('',#1458,3.);
#47=CIRCLE('',#1460,1.25);
#48=CIRCLE('',#1461,1.25);
#49=CIRCLE('',#1462,1.25);
#50=CIRCLE('',#1463,1.25);
#51=CIRCLE('',#1477,2.5);
#52=CIRCLE('',#1478,2.5);
#53=CIRCLE('',#1481,2.5);
#54=CIRCLE('',#1482,2.5);
#55=CIRCLE('',#1485,2.5);
#56=CIRCLE('',#1486,2.5);
#57=CIRCLE('',#1489,2.5);
#58=CIRCLE('',#1490,2.5);
#59=CIRCLE('',#1493,3.);
#60=CIRCLE('',#1496,3.);
#61=CIRCLE('',#1497,3.);
#62=CIRCLE('',#1498,3.);
#63=CIRCLE('',#1514,4.5);
#64=CIRCLE('',#1515,4.5);
#65=CIRCLE('',#1518,6.00000047683716);
#66=CIRCLE('',#1519,6.00000047683716);
#67=CYLINDRICAL_SURFACE('',#1428,2.99999999999999);
#68=CYLINDRICAL_SURFACE('',#1432,3.);
#69=CYLINDRICAL_SURFACE('',#1436,2.99999999999999);
#70=CYLINDRICAL_SURFACE('',#1440,3.);
#71=CYLINDRICAL_SURFACE('',#1468,1.25);
#72=CYLINDRICAL_SURFACE('',#1470,1.25);
#73=CYLINDRICAL_SURFACE('',#1472,1.25);
#74=CYLINDRICAL_SURFACE('',#1474,1.25);
#75=CYLINDRICAL_SURFACE('',#1476,2.5);
#76=CYLINDRICAL_SURFACE('',#1480,2.5);
#77=CYLINDRICAL_SURFACE('',#1484,2.5);
#78=CYLINDRICAL_SURFACE('',#1488,2.5);
#79=CYLINDRICAL_SURFACE('',#1492,3.);
#80=CYLINDRICAL_SURFACE('',#1499,3.);
#81=CYLINDRICAL_SURFACE('',#1501,3.);
#82=CYLINDRICAL_SURFACE('',#1502,3.);
#83=CYLINDRICAL_SURFACE('',#1513,4.5);
#84=CYLINDRICAL_SURFACE('',#1517,6.00000047683716);
#85=FACE_OUTER_BOUND('',#159,.T.);
#86=FACE_OUTER_BOUND('',#160,.T.);
#87=FACE_OUTER_BOUND('',#161,.T.);
#88=FACE_OUTER_BOUND('',#162,.T.);
#89=FACE_OUTER_BOUND('',#163,.T.);
#90=FACE_OUTER_BOUND('',#164,.T.);
#91=FACE_OUTER_BOUND('',#165,.T.);
#92=FACE_OUTER_BOUND('',#166,.T.);
#93=FACE_OUTER_BOUND('',#167,.T.);
#94=FACE_OUTER_BOUND('',#168,.T.);
#95=FACE_OUTER_BOUND('',#169,.T.);
#96=FACE_OUTER_BOUND('',#170,.T.);
#97=FACE_OUTER_BOUND('',#171,.T.);
#98=FACE_OUTER_BOUND('',#172,.T.);
#99=FACE_OUTER_BOUND('',#173,.T.);
#100=FACE_OUTER_BOUND('',#174,.T.);
#101=FACE_OUTER_BOUND('',#175,.T.);
#102=FACE_OUTER_BOUND('',#176,.T.);
#103=FACE_OUTER_BOUND('',#177,.T.);
#104=FACE_OUTER_BOUND('',#178,.T.);
#105=FACE_OUTER_BOUND('',#179,.T.);
#106=FACE_OUTER_BOUND('',#180,.T.);
#107=FACE_OUTER_BOUND('',#181,.T.);
#108=FACE_OUTER_BOUND('',#182,.T.);
#109=FACE_OUTER_BOUND('',#184,.T.);
#110=FACE_OUTER_BOUND('',#185,.T.);
#111=FACE_OUTER_BOUND('',#186,.T.);
#112=FACE_OUTER_BOUND('',#187,.T.);
#113=FACE_OUTER_BOUND('',#188,.T.);
#114=FACE_OUTER_BOUND('',#189,.T.);
#115=FACE_OUTER_BOUND('',#191,.T.);
#116=FACE_OUTER_BOUND('',#193,.T.);
#117=FACE_OUTER_BOUND('',#195,.T.);
#118=FACE_OUTER_BOUND('',#196,.T.);
#119=FACE_OUTER_BOUND('',#197,.T.);
#120=FACE_OUTER_BOUND('',#198,.T.);
#121=FACE_OUTER_BOUND('',#199,.T.);
#122=FACE_OUTER_BOUND('',#200,.T.);
#123=FACE_OUTER_BOUND('',#201,.T.);
#124=FACE_OUTER_BOUND('',#202,.T.);
#125=FACE_OUTER_BOUND('',#203,.T.);
#126=FACE_OUTER_BOUND('',#204,.T.);
#127=FACE_OUTER_BOUND('',#205,.T.);
#128=FACE_OUTER_BOUND('',#206,.T.);
#129=FACE_OUTER_BOUND('',#207,.T.);
#130=FACE_OUTER_BOUND('',#208,.T.);
#131=FACE_OUTER_BOUND('',#209,.T.);
#132=FACE_OUTER_BOUND('',#210,.T.);
#133=FACE_OUTER_BOUND('',#211,.T.);
#134=FACE_OUTER_BOUND('',#212,.T.);
#135=FACE_OUTER_BOUND('',#213,.T.);
#136=FACE_OUTER_BOUND('',#214,.T.);
#137=FACE_OUTER_BOUND('',#215,.T.);
#138=FACE_OUTER_BOUND('',#216,.T.);
#139=FACE_OUTER_BOUND('',#217,.T.);
#140=FACE_OUTER_BOUND('',#219,.T.);
#141=FACE_OUTER_BOUND('',#220,.T.);
#142=FACE_OUTER_BOUND('',#221,.T.);
#143=FACE_OUTER_BOUND('',#222,.T.);
#144=FACE_OUTER_BOUND('',#223,.T.);
#145=FACE_OUTER_BOUND('',#224,.T.);
#146=FACE_OUTER_BOUND('',#225,.T.);
#147=FACE_OUTER_BOUND('',#226,.T.);
#148=FACE_OUTER_BOUND('',#227,.T.);
#149=FACE_OUTER_BOUND('',#229,.T.);
#150=FACE_OUTER_BOUND('',#230,.T.);
#151=FACE_OUTER_BOUND('',#231,.T.);
#152=FACE_OUTER_BOUND('',#232,.T.);
#153=FACE_OUTER_BOUND('',#233,.T.);
#154=FACE_OUTER_BOUND('',#234,.T.);
#155=FACE_OUTER_BOUND('',#235,.T.);
#156=FACE_OUTER_BOUND('',#236,.T.);
#157=FACE_OUTER_BOUND('',#237,.T.);
#158=FACE_OUTER_BOUND('',#238,.T.);
#159=EDGE_LOOP('',(#877,#878,#879,#880));
#160=EDGE_LOOP('',(#881,#882,#883,#884));
#161=EDGE_LOOP('',(#885,#886,#887,#888));
#162=EDGE_LOOP('',(#889,#890,#891,#892));
#163=EDGE_LOOP('',(#893,#894,#895,#896,#897));
#164=EDGE_LOOP('',(#898,#899,#900,#901));
#165=EDGE_LOOP('',(#902,#903,#904,#905,#906));
#166=EDGE_LOOP('',(#907,#908,#909,#910,#911));
#167=EDGE_LOOP('',(#912,#913,#914,#915));
#168=EDGE_LOOP('',(#916,#917,#918,#919,#920));
#169=EDGE_LOOP('',(#921,#922,#923,#924,#925,#926,#927,#928));
#170=EDGE_LOOP('',(#929,#930,#931,#932));
#171=EDGE_LOOP('',(#933,#934,#935,#936));
#172=EDGE_LOOP('',(#937,#938,#939,#940,#941,#942,#943,#944));
#173=EDGE_LOOP('',(#945,#946,#947,#948,#949,#950,#951,#952,#953,#954,#955,
#956));
#174=EDGE_LOOP('',(#957,#958,#959,#960));
#175=EDGE_LOOP('',(#961,#962,#963,#964));
#176=EDGE_LOOP('',(#965,#966,#967,#968));
#177=EDGE_LOOP('',(#969,#970,#971,#972));
#178=EDGE_LOOP('',(#973,#974,#975,#976));
#179=EDGE_LOOP('',(#977,#978,#979,#980));
#180=EDGE_LOOP('',(#981,#982,#983,#984));
#181=EDGE_LOOP('',(#985,#986,#987,#988));
#182=EDGE_LOOP('',(#989,#990,#991,#992,#993,#994,#995,#996));
#183=EDGE_LOOP('',(#997,#998,#999,#1000));
#184=EDGE_LOOP('',(#1001,#1002,#1003,#1004,#1005,#1006,#1007,#1008));
#185=EDGE_LOOP('',(#1009,#1010,#1011,#1012));
#186=EDGE_LOOP('',(#1013,#1014,#1015));
#187=EDGE_LOOP('',(#1016,#1017,#1018,#1019));
#188=EDGE_LOOP('',(#1020,#1021,#1022));
#189=EDGE_LOOP('',(#1023,#1024,#1025,#1026,#1027,#1028,#1029,#1030));
#190=EDGE_LOOP('',(#1031,#1032,#1033,#1034,#1035,#1036,#1037,#1038));
#191=EDGE_LOOP('',(#1039,#1040,#1041,#1042,#1043,#1044,#1045,#1046));
#192=EDGE_LOOP('',(#1047,#1048,#1049,#1050,#1051,#1052,#1053,#1054));
#193=EDGE_LOOP('',(#1055,#1056,#1057,#1058));
#194=EDGE_LOOP('',(#1059,#1060,#1061,#1062,#1063,#1064,#1065,#1066));
#195=EDGE_LOOP('',(#1067,#1068,#1069,#1070));
#196=EDGE_LOOP('',(#1071,#1072,#1073));
#197=EDGE_LOOP('',(#1074,#1075,#1076,#1077));
#198=EDGE_LOOP('',(#1078,#1079,#1080));
#199=EDGE_LOOP('',(#1081,#1082,#1083,#1084));
#200=EDGE_LOOP('',(#1085,#1086,#1087,#1088));
#201=EDGE_LOOP('',(#1089,#1090,#1091,#1092));
#202=EDGE_LOOP('',(#1093,#1094,#1095,#1096));
#203=EDGE_LOOP('',(#1097,#1098,#1099,#1100));
#204=EDGE_LOOP('',(#1101,#1102,#1103,#1104));
#205=EDGE_LOOP('',(#1105,#1106,#1107,#1108));
#206=EDGE_LOOP('',(#1109,#1110,#1111,#1112));
#207=EDGE_LOOP('',(#1113,#1114,#1115,#1116));
#208=EDGE_LOOP('',(#1117,#1118,#1119,#1120));
#209=EDGE_LOOP('',(#1121,#1122,#1123,#1124));
#210=EDGE_LOOP('',(#1125,#1126,#1127,#1128,#1129,#1130,#1131,#1132));
#211=EDGE_LOOP('',(#1133,#1134,#1135,#1136));
#212=EDGE_LOOP('',(#1137,#1138,#1139,#1140));
#213=EDGE_LOOP('',(#1141,#1142,#1143,#1144));
#214=EDGE_LOOP('',(#1145,#1146,#1147,#1148,#1149,#1150,#1151,#1152));
#215=EDGE_LOOP('',(#1153,#1154,#1155,#1156));
#216=EDGE_LOOP('',(#1157,#1158,#1159,#1160));
#217=EDGE_LOOP('',(#1161,#1162,#1163,#1164,#1165,#1166,#1167,#1168));
#218=EDGE_LOOP('',(#1169,#1170,#1171,#1172,#1173,#1174,#1175,#1176));
#219=EDGE_LOOP('',(#1177,#1178,#1179,#1180));
#220=EDGE_LOOP('',(#1181,#1182,#1183,#1184));
#221=EDGE_LOOP('',(#1185,#1186,#1187,#1188));
#222=EDGE_LOOP('',(#1189,#1190,#1191,#1192));
#223=EDGE_LOOP('',(#1193,#1194,#1195,#1196,#1197,#1198));
#224=EDGE_LOOP('',(#1199,#1200,#1201,#1202,#1203,#1204));
#225=EDGE_LOOP('',(#1205,#1206,#1207,#1208));
#226=EDGE_LOOP('',(#1209,#1210,#1211,#1212));
#227=EDGE_LOOP('',(#1213,#1214,#1215,#1216));
#228=EDGE_LOOP('',(#1217,#1218,#1219,#1220));
#229=EDGE_LOOP('',(#1221,#1222,#1223,#1224));
#230=EDGE_LOOP('',(#1225,#1226,#1227,#1228));
#231=EDGE_LOOP('',(#1229,#1230,#1231,#1232,#1233,#1234,#1235,#1236));
#232=EDGE_LOOP('',(#1237,#1238,#1239,#1240));
#233=EDGE_LOOP('',(#1241,#1242,#1243,#1244));
#234=EDGE_LOOP('',(#1245,#1246,#1247,#1248));
#235=EDGE_LOOP('',(#1249,#1250,#1251,#1252));
#236=EDGE_LOOP('',(#1253,#1254,#1255,#1256));
#237=EDGE_LOOP('',(#1257,#1258,#1259,#1260));
#238=EDGE_LOOP('',(#1261,#1262,#1263,#1264));
#239=LINE('',#1912,#397);
#240=LINE('',#1914,#398);
#241=LINE('',#1916,#399);
#242=LINE('',#1917,#400);
#243=LINE('',#1920,#401);
#244=LINE('',#1922,#402);
#245=LINE('',#1923,#403);
#246=LINE('',#1927,#404);
#247=LINE('',#1929,#405);
#248=LINE('',#1931,#406);
#249=LINE('',#1932,#407);
#250=LINE('',#1935,#408);
#251=LINE('',#1937,#409);
#252=LINE('',#1938,#410);
#253=LINE('',#1941,#411);
#254=LINE('',#1943,#412);
#255=LINE('',#1944,#413);
#256=LINE('',#1947,#414);
#257=LINE('',#1948,#415);
#258=LINE('',#1951,#416);
#259=LINE('',#1952,#417);
#260=LINE('',#1956,#418);
#261=LINE('',#1957,#419);
#262=LINE('',#1958,#420);
#263=LINE('',#1961,#421);
#264=LINE('',#1962,#422);
#265=LINE('',#1965,#423);
#266=LINE('',#1966,#424);
#267=LINE('',#1969,#425);
#268=LINE('',#1971,#426);
#269=LINE('',#1973,#427);
#270=LINE('',#1975,#428);
#271=LINE('',#1976,#429);
#272=LINE('',#1979,#430);
#273=LINE('',#1981,#431);
#274=LINE('',#1982,#432);
#275=LINE('',#1985,#433);
#276=LINE('',#1987,#434);
#277=LINE('',#1988,#435);
#278=LINE('',#1990,#436);
#279=LINE('',#1991,#437);
#280=LINE('',#1992,#438);
#281=LINE('',#1997,#439);
#282=LINE('',#1999,#440);
#283=LINE('',#2001,#441);
#284=LINE('',#2002,#442);
#285=LINE('',#2008,#443);
#286=LINE('',#2011,#444);
#287=LINE('',#2013,#445);
#288=LINE('',#2014,#446);
#289=LINE('',#2020,#447);
#290=LINE('',#2023,#448);
#291=LINE('',#2025,#449);
#292=LINE('',#2026,#450);
#293=LINE('',#2032,#451);
#294=LINE('',#2035,#452);
#295=LINE('',#2037,#453);
#296=LINE('',#2038,#454);
#297=LINE('',#2047,#455);
#298=LINE('',#2049,#456);
#299=LINE('',#2051,#457);
#300=LINE('',#2052,#458);
#301=LINE('',#2055,#459);
#302=LINE('',#2056,#460);
#303=LINE('',#2059,#461);
#304=LINE('',#2060,#462);
#305=LINE('',#2062,#463);
#306=LINE('',#2065,#464);
#307=LINE('',#2067,#465);
#308=LINE('',#2069,#466);
#309=LINE('',#2071,#467);
#310=LINE('',#2072,#468);
#311=LINE('',#2075,#469);
#312=LINE('',#2079,#470);
#313=LINE('',#2083,#471);
#314=LINE('',#2087,#472);
#315=LINE('',#2092,#473);
#316=LINE('',#2096,#474);
#317=LINE('',#2100,#475);
#318=LINE('',#2104,#476);
#319=LINE('',#2107,#477);
#320=LINE('',#2109,#478);
#321=LINE('',#2111,#479);
#322=LINE('',#2113,#480);
#323=LINE('',#2114,#481);
#324=LINE('',#2117,#482);
#325=LINE('',#2119,#483);
#326=LINE('',#2120,#484);
#327=LINE('',#2123,#485);
#328=LINE('',#2127,#486);
#329=LINE('',#2131,#487);
#330=LINE('',#2135,#488);
#331=LINE('',#2140,#489);
#332=LINE('',#2142,#490);
#333=LINE('',#2144,#491);
#334=LINE('',#2145,#492);
#335=LINE('',#2147,#493);
#336=LINE('',#2148,#494);
#337=LINE('',#2150,#495);
#338=LINE('',#2152,#496);
#339=LINE('',#2154,#497);
#340=LINE('',#2155,#498);
#341=LINE('',#2157,#499);
#342=LINE('',#2159,#500);
#343=LINE('',#2161,#501);
#344=LINE('',#2163,#502);
#345=LINE('',#2164,#503);
#346=LINE('',#2167,#504);
#347=LINE('',#2174,#505);
#348=LINE('',#2177,#506);
#349=LINE('',#2180,#507);
#350=LINE('',#2182,#508);
#351=LINE('',#2183,#509);
#352=LINE('',#2189,#510);
#353=LINE('',#2192,#511);
#354=LINE('',#2194,#512);
#355=LINE('',#2196,#513);
#356=LINE('',#2198,#514);
#357=LINE('',#2200,#515);
#358=LINE('',#2202,#516);
#359=LINE('',#2203,#517);
#360=LINE('',#2209,#518);
#361=LINE('',#2212,#519);
#362=LINE('',#2214,#520);
#363=LINE('',#2215,#521);
#364=LINE('',#2220,#522);
#365=LINE('',#2223,#523);
#366=LINE('',#2225,#524);
#367=LINE('',#2227,#525);
#368=LINE('',#2229,#526);
#369=LINE('',#2231,#527);
#370=LINE('',#2232,#528);
#371=LINE('',#2235,#529);
#372=LINE('',#2238,#530);
#373=LINE('',#2241,#531);
#374=LINE('',#2242,#532);
#375=LINE('',#2245,#533);
#376=LINE('',#2249,#534);
#377=LINE('',#2253,#535);
#378=LINE('',#2254,#536);
#379=LINE('',#2256,#537);
#380=LINE('',#2260,#538);
#381=LINE('',#2262,#539);
#382=LINE('',#2264,#540);
#383=LINE('',#2266,#541);
#384=LINE('',#2270,#542);
#385=LINE('',#2271,#543);
#386=LINE('',#2272,#544);
#387=LINE('',#2274,#545);
#388=LINE('',#2276,#546);
#389=LINE('',#2282,#547);
#390=LINE('',#2284,#548);
#391=LINE('',#2286,#549);
#392=LINE('',#2287,#550);
#393=LINE('',#2293,#551);
#394=LINE('',#2296,#552);
#395=LINE('',#2298,#553);
#396=LINE('',#2299,#554);
#397=VECTOR('',#1529,10.);
#398=VECTOR('',#1530,10.);
#399=VECTOR('',#1531,10.);
#400=VECTOR('',#1532,10.);
#401=VECTOR('',#1535,10.);
#402=VECTOR('',#1536,10.);
#403=VECTOR('',#1537,10.);
#404=VECTOR('',#1540,10.);
#405=VECTOR('',#1541,10.);
#406=VECTOR('',#1542,10.);
#407=VECTOR('',#1543,10.);
#408=VECTOR('',#1546,10.);
#409=VECTOR('',#1547,10.);
#410=VECTOR('',#1548,10.);
#411=VECTOR('',#1551,10.);
#412=VECTOR('',#1552,10.);
#413=VECTOR('',#1553,10.);
#414=VECTOR('',#1556,10.);
#415=VECTOR('',#1557,10.);
#416=VECTOR('',#1560,10.);
#417=VECTOR('',#1561,10.);
#418=VECTOR('',#1564,10.);
#419=VECTOR('',#1565,10.);
#420=VECTOR('',#1566,10.);
#421=VECTOR('',#1569,10.);
#422=VECTOR('',#1570,10.);
#423=VECTOR('',#1573,10.);
#424=VECTOR('',#1574,10.);
#425=VECTOR('',#1577,10.);
#426=VECTOR('',#1578,10.);
#427=VECTOR('',#1579,10.);
#428=VECTOR('',#1580,10.);
#429=VECTOR('',#1581,10.);
#430=VECTOR('',#1584,10.);
#431=VECTOR('',#1585,10.);
#432=VECTOR('',#1586,10.);
#433=VECTOR('',#1589,10.);
#434=VECTOR('',#1590,10.);
#435=VECTOR('',#1591,10.);
#436=VECTOR('',#1594,10.);
#437=VECTOR('',#1595,10.);
#438=VECTOR('',#1596,10.);
#439=VECTOR('',#1601,10.);
#440=VECTOR('',#1602,10.);
#441=VECTOR('',#1603,10.);
#442=VECTOR('',#1604,10.);
#443=VECTOR('',#1611,10.);
#444=VECTOR('',#1614,10.);
#445=VECTOR('',#1615,10.);
#446=VECTOR('',#1616,10.);
#447=VECTOR('',#1623,10.);
#448=VECTOR('',#1626,10.);
#449=VECTOR('',#1627,10.);
#450=VECTOR('',#1628,10.);
#451=VECTOR('',#1635,10.);
#452=VECTOR('',#1638,10.);
#453=VECTOR('',#1639,10.);
#454=VECTOR('',#1640,10.);
#455=VECTOR('',#1653,10.);
#456=VECTOR('',#1654,10.);
#457=VECTOR('',#1655,10.);
#458=VECTOR('',#1656,10.);
#459=VECTOR('',#1659,10.);
#460=VECTOR('',#1660,10.);
#461=VECTOR('',#1663,10.);
#462=VECTOR('',#1664,10.);
#463=VECTOR('',#1667,10.);
#464=VECTOR('',#1670,10.);
#465=VECTOR('',#1671,10.);
#466=VECTOR('',#1672,10.);
#467=VECTOR('',#1673,10.);
#468=VECTOR('',#1674,10.);
#469=VECTOR('',#1675,10.);
#470=VECTOR('',#1678,10.);
#471=VECTOR('',#1681,10.);
#472=VECTOR('',#1684,10.);
#473=VECTOR('',#1689,10.);
#474=VECTOR('',#1692,10.);
#475=VECTOR('',#1695,10.);
#476=VECTOR('',#1698,10.);
#477=VECTOR('',#1701,10.);
#478=VECTOR('',#1702,10.);
#479=VECTOR('',#1703,10.);
#480=VECTOR('',#1704,10.);
#481=VECTOR('',#1705,10.);
#482=VECTOR('',#1708,10.);
#483=VECTOR('',#1709,10.);
#484=VECTOR('',#1710,10.);
#485=VECTOR('',#1711,10.);
#486=VECTOR('',#1714,10.);
#487=VECTOR('',#1717,10.);
#488=VECTOR('',#1720,10.);
#489=VECTOR('',#1725,10.);
#490=VECTOR('',#1726,10.);
#491=VECTOR('',#1727,10.);
#492=VECTOR('',#1728,10.);
#493=VECTOR('',#1731,10.);
#494=VECTOR('',#1732,10.);
#495=VECTOR('',#1735,10.);
#496=VECTOR('',#1738,10.);
#497=VECTOR('',#1741,10.);
#498=VECTOR('',#1742,10.);
#499=VECTOR('',#1745,10.);
#500=VECTOR('',#1748,10.);
#501=VECTOR('',#1751,10.);
#502=VECTOR('',#1754,10.);
#503=VECTOR('',#1755,10.);
#504=VECTOR('',#1760,10.);
#505=VECTOR('',#1767,10.);
#506=VECTOR('',#1770,10.);
#507=VECTOR('',#1773,10.);
#508=VECTOR('',#1774,10.);
#509=VECTOR('',#1775,10.);
#510=VECTOR('',#1780,10.);
#511=VECTOR('',#1783,10.);
#512=VECTOR('',#1786,10.);
#513=VECTOR('',#1787,10.);
#514=VECTOR('',#1788,10.);
#515=VECTOR('',#1789,10.);
#516=VECTOR('',#1790,10.);
#517=VECTOR('',#1791,10.);
#518=VECTOR('',#1796,10.);
#519=VECTOR('',#1799,10.);
#520=VECTOR('',#1802,10.);
#521=VECTOR('',#1803,10.);
#522=VECTOR('',#1808,10.);
#523=VECTOR('',#1813,10.);
#524=VECTOR('',#1814,10.);
#525=VECTOR('',#1815,10.);
#526=VECTOR('',#1816,10.);
#527=VECTOR('',#1817,10.);
#528=VECTOR('',#1818,10.);
#529=VECTOR('',#1821,10.);
#530=VECTOR('',#1824,10.);
#531=VECTOR('',#1827,10.);
#532=VECTOR('',#1828,10.);
#533=VECTOR('',#1831,10.);
#534=VECTOR('',#1834,10.);
#535=VECTOR('',#1841,10.);
#536=VECTOR('',#1842,10.);
#537=VECTOR('',#1845,10.);
#538=VECTOR('',#1852,10.);
#539=VECTOR('',#1855,10.);
#540=VECTOR('',#1858,10.);
#541=VECTOR('',#1861,10.);
#542=VECTOR('',#1864,10.);
#543=VECTOR('',#1865,10.);
#544=VECTOR('',#1866,10.);
#545=VECTOR('',#1869,10.);
#546=VECTOR('',#1872,10.);
#547=VECTOR('',#1879,10.);
#548=VECTOR('',#1880,10.);
#549=VECTOR('',#1881,10.);
#550=VECTOR('',#1882,10.);
#551=VECTOR('',#1889,10.);
#552=VECTOR('',#1892,10.);
#553=VECTOR('',#1893,10.);
#554=VECTOR('',#1894,10.);
#555=VERTEX_POINT('',#1910);
#556=VERTEX_POINT('',#1911);
#557=VERTEX_POINT('',#1913);
#558=VERTEX_POINT('',#1915);
#559=VERTEX_POINT('',#1919);
#560=VERTEX_POINT('',#1921);
#561=VERTEX_POINT('',#1925);
#562=VERTEX_POINT('',#1926);
#563=VERTEX_POINT('',#1928);
#564=VERTEX_POINT('',#1930);
#565=VERTEX_POINT('',#1934);
#566=VERTEX_POINT('',#1936);
#567=VERTEX_POINT('',#1940);
#568=VERTEX_POINT('',#1942);
#569=VERTEX_POINT('',#1946);
#570=VERTEX_POINT('',#1950);
#571=VERTEX_POINT('',#1954);
#572=VERTEX_POINT('',#1955);
#573=VERTEX_POINT('',#1960);
#574=VERTEX_POINT('',#1964);
#575=VERTEX_POINT('',#1968);
#576=VERTEX_POINT('',#1970);
#577=VERTEX_POINT('',#1972);
#578=VERTEX_POINT('',#1974);
#579=VERTEX_POINT('',#1978);
#580=VERTEX_POINT('',#1980);
#581=VERTEX_POINT('',#1984);
#582=VERTEX_POINT('',#1986);
#583=VERTEX_POINT('',#1995);
#584=VERTEX_POINT('',#1996);
#585=VERTEX_POINT('',#1998);
#586=VERTEX_POINT('',#2000);
#587=VERTEX_POINT('',#2004);
#588=VERTEX_POINT('',#2006);
#589=VERTEX_POINT('',#2010);
#590=VERTEX_POINT('',#2012);
#591=VERTEX_POINT('',#2016);
#592=VERTEX_POINT('',#2018);
#593=VERTEX_POINT('',#2022);
#594=VERTEX_POINT('',#2024);
#595=VERTEX_POINT('',#2028);
#596=VERTEX_POINT('',#2030);
#597=VERTEX_POINT('',#2034);
#598=VERTEX_POINT('',#2036);
#599=VERTEX_POINT('',#2045);
#600=VERTEX_POINT('',#2046);
#601=VERTEX_POINT('',#2048);
#602=VERTEX_POINT('',#2050);
#603=VERTEX_POINT('',#2054);
#604=VERTEX_POINT('',#2058);
#605=VERTEX_POINT('',#2064);
#606=VERTEX_POINT('',#2066);
#607=VERTEX_POINT('',#2068);
#608=VERTEX_POINT('',#2070);
#609=VERTEX_POINT('',#2073);
#610=VERTEX_POINT('',#2074);
#611=VERTEX_POINT('',#2076);
#612=VERTEX_POINT('',#2078);
#613=VERTEX_POINT('',#2080);
#614=VERTEX_POINT('',#2082);
#615=VERTEX_POINT('',#2084);
#616=VERTEX_POINT('',#2086);
#617=VERTEX_POINT('',#2090);
#618=VERTEX_POINT('',#2091);
#619=VERTEX_POINT('',#2093);
#620=VERTEX_POINT('',#2095);
#621=VERTEX_POINT('',#2097);
#622=VERTEX_POINT('',#2099);
#623=VERTEX_POINT('',#2101);
#624=VERTEX_POINT('',#2103);
#625=VERTEX_POINT('',#2106);
#626=VERTEX_POINT('',#2108);
#627=VERTEX_POINT('',#2110);
#628=VERTEX_POINT('',#2112);
#629=VERTEX_POINT('',#2116);
#630=VERTEX_POINT('',#2118);
#631=VERTEX_POINT('',#2121);
#632=VERTEX_POINT('',#2122);
#633=VERTEX_POINT('',#2124);
#634=VERTEX_POINT('',#2126);
#635=VERTEX_POINT('',#2128);
#636=VERTEX_POINT('',#2130);
#637=VERTEX_POINT('',#2132);
#638=VERTEX_POINT('',#2134);
#639=VERTEX_POINT('',#2138);
#640=VERTEX_POINT('',#2139);
#641=VERTEX_POINT('',#2141);
#642=VERTEX_POINT('',#2143);
#643=VERTEX_POINT('',#2170);
#644=VERTEX_POINT('',#2171);
#645=VERTEX_POINT('',#2173);
#646=VERTEX_POINT('',#2175);
#647=VERTEX_POINT('',#2179);
#648=VERTEX_POINT('',#2181);
#649=VERTEX_POINT('',#2185);
#650=VERTEX_POINT('',#2186);
#651=VERTEX_POINT('',#2188);
#652=VERTEX_POINT('',#2190);
#653=VERTEX_POINT('',#2195);
#654=VERTEX_POINT('',#2197);
#655=VERTEX_POINT('',#2199);
#656=VERTEX_POINT('',#2201);
#657=VERTEX_POINT('',#2205);
#658=VERTEX_POINT('',#2206);
#659=VERTEX_POINT('',#2208);
#660=VERTEX_POINT('',#2210);
#661=VERTEX_POINT('',#2217);
#662=VERTEX_POINT('',#2219);
#663=VERTEX_POINT('',#2224);
#664=VERTEX_POINT('',#2226);
#665=VERTEX_POINT('',#2228);
#666=VERTEX_POINT('',#2230);
#667=VERTEX_POINT('',#2234);
#668=VERTEX_POINT('',#2236);
#669=VERTEX_POINT('',#2240);
#670=VERTEX_POINT('',#2244);
#671=VERTEX_POINT('',#2246);
#672=VERTEX_POINT('',#2248);
#673=VERTEX_POINT('',#2268);
#674=VERTEX_POINT('',#2269);
#675=VERTEX_POINT('',#2280);
#676=VERTEX_POINT('',#2281);
#677=VERTEX_POINT('',#2283);
#678=VERTEX_POINT('',#2285);
#679=VERTEX_POINT('',#2289);
#680=VERTEX_POINT('',#2291);
#681=VERTEX_POINT('',#2295);
#682=VERTEX_POINT('',#2297);
#683=EDGE_CURVE('',#555,#556,#239,.T.);
#684=EDGE_CURVE('',#555,#557,#240,.T.);
#685=EDGE_CURVE('',#557,#558,#241,.F.);
#686=EDGE_CURVE('',#558,#556,#242,.T.);
#687=EDGE_CURVE('',#558,#559,#243,.T.);
#688=EDGE_CURVE('',#559,#560,#244,.F.);
#689=EDGE_CURVE('',#556,#560,#245,.T.);
#690=EDGE_CURVE('',#561,#562,#246,.T.);
#691=EDGE_CURVE('',#561,#563,#247,.T.);
#692=EDGE_CURVE('',#563,#564,#248,.F.);
#693=EDGE_CURVE('',#564,#562,#249,.T.);
#694=EDGE_CURVE('',#564,#565,#250,.T.);
#695=EDGE_CURVE('',#566,#565,#251,.F.);
#696=EDGE_CURVE('',#562,#566,#252,.T.);
#697=EDGE_CURVE('',#567,#566,#253,.T.);
#698=EDGE_CURVE('',#568,#567,#254,.T.);
#699=EDGE_CURVE('',#568,#561,#255,.T.);
#700=EDGE_CURVE('',#569,#565,#256,.T.);
#701=EDGE_CURVE('',#567,#569,#257,.T.);
#702=EDGE_CURVE('',#563,#570,#258,.T.);
#703=EDGE_CURVE('',#569,#570,#259,.T.);
#704=EDGE_CURVE('',#571,#572,#260,.T.);
#705=EDGE_CURVE('',#571,#559,#261,.T.);
#706=EDGE_CURVE('',#557,#572,#262,.T.);
#707=EDGE_CURVE('',#573,#560,#263,.T.);
#708=EDGE_CURVE('',#573,#571,#264,.T.);
#709=EDGE_CURVE('',#574,#573,#265,.T.);
#710=EDGE_CURVE('',#574,#555,#266,.T.);
#711=EDGE_CURVE('',#575,#572,#267,.T.);
#712=EDGE_CURVE('',#576,#575,#268,.T.);
#713=EDGE_CURVE('',#577,#576,#269,.T.);
#714=EDGE_CURVE('',#577,#578,#270,.T.);
#715=EDGE_CURVE('',#574,#578,#271,.T.);
#716=EDGE_CURVE('',#579,#577,#272,.T.);
#717=EDGE_CURVE('',#579,#580,#273,.T.);
#718=EDGE_CURVE('',#578,#580,#274,.T.);
#719=EDGE_CURVE('',#576,#581,#275,.T.);
#720=EDGE_CURVE('',#582,#575,#276,.T.);
#721=EDGE_CURVE('',#581,#582,#277,.T.);
#722=EDGE_CURVE('',#580,#570,#278,.T.);
#723=EDGE_CURVE('',#581,#579,#279,.T.);
#724=EDGE_CURVE('',#568,#582,#280,.T.);
#725=EDGE_CURVE('',#583,#584,#281,.T.);
#726=EDGE_CURVE('',#584,#585,#282,.T.);
#727=EDGE_CURVE('',#586,#585,#283,.T.);
#728=EDGE_CURVE('',#583,#586,#284,.T.);
#729=EDGE_CURVE('',#587,#583,#31,.T.);
#730=EDGE_CURVE('',#588,#586,#32,.T.);
#731=EDGE_CURVE('',#587,#588,#285,.T.);
#732=EDGE_CURVE('',#589,#587,#286,.T.);
#733=EDGE_CURVE('',#590,#588,#287,.T.);
#734=EDGE_CURVE('',#589,#590,#288,.T.);
#735=EDGE_CURVE('',#591,#589,#33,.T.);
#736=EDGE_CURVE('',#592,#590,#34,.T.);
#737=EDGE_CURVE('',#591,#592,#289,.T.);
#738=EDGE_CURVE('',#593,#591,#290,.T.);
#739=EDGE_CURVE('',#594,#592,#291,.T.);
#740=EDGE_CURVE('',#593,#594,#292,.T.);
#741=EDGE_CURVE('',#595,#593,#35,.T.);
#742=EDGE_CURVE('',#596,#594,#36,.T.);
#743=EDGE_CURVE('',#595,#596,#293,.T.);
#744=EDGE_CURVE('',#597,#595,#294,.T.);
#745=EDGE_CURVE('',#598,#596,#295,.T.);
#746=EDGE_CURVE('',#597,#598,#296,.T.);
#747=EDGE_CURVE('',#584,#597,#37,.T.);
#748=EDGE_CURVE('',#585,#598,#38,.T.);
#749=EDGE_CURVE('',#599,#600,#297,.T.);
#750=EDGE_CURVE('',#600,#601,#298,.F.);
#751=EDGE_CURVE('',#602,#601,#299,.T.);
#752=EDGE_CURVE('',#599,#602,#300,.T.);
#753=EDGE_CURVE('',#603,#599,#301,.T.);
#754=EDGE_CURVE('',#603,#600,#302,.T.);
#755=EDGE_CURVE('',#604,#601,#303,.T.);
#756=EDGE_CURVE('',#604,#603,#304,.T.);
#757=EDGE_CURVE('',#602,#604,#305,.T.);
#758=EDGE_CURVE('',#605,#604,#306,.T.);
#759=EDGE_CURVE('',#606,#605,#307,.T.);
#760=EDGE_CURVE('',#606,#607,#308,.T.);
#761=EDGE_CURVE('',#607,#608,#309,.T.);
#762=EDGE_CURVE('',#603,#608,#310,.T.);
#763=EDGE_CURVE('',#609,#610,#311,.T.);
#764=EDGE_CURVE('',#611,#610,#39,.T.);
#765=EDGE_CURVE('',#611,#612,#312,.T.);
#766=EDGE_CURVE('',#613,#612,#40,.T.);
#767=EDGE_CURVE('',#613,#614,#313,.T.);
#768=EDGE_CURVE('',#615,#614,#41,.T.);
#769=EDGE_CURVE('',#615,#616,#314,.T.);
#770=EDGE_CURVE('',#609,#616,#42,.T.);
#771=EDGE_CURVE('',#617,#618,#315,.T.);
#772=EDGE_CURVE('',#619,#618,#43,.T.);
#773=EDGE_CURVE('',#619,#620,#316,.T.);
#774=EDGE_CURVE('',#621,#620,#44,.T.);
#775=EDGE_CURVE('',#621,#622,#317,.T.);
#776=EDGE_CURVE('',#623,#622,#45,.T.);
#777=EDGE_CURVE('',#623,#624,#318,.T.);
#778=EDGE_CURVE('',#617,#624,#46,.T.);
#779=EDGE_CURVE('',#608,#625,#319,.T.);
#780=EDGE_CURVE('',#625,#626,#320,.T.);
#781=EDGE_CURVE('',#626,#627,#321,.T.);
#782=EDGE_CURVE('',#627,#628,#322,.T.);
#783=EDGE_CURVE('',#628,#605,#323,.T.);
#784=EDGE_CURVE('',#629,#617,#324,.T.);
#785=EDGE_CURVE('',#630,#629,#325,.T.);
#786=EDGE_CURVE('',#618,#630,#326,.T.);
#787=EDGE_CURVE('',#631,#632,#327,.T.);
#788=EDGE_CURVE('',#633,#632,#47,.T.);
#789=EDGE_CURVE('',#633,#634,#328,.T.);
#790=EDGE_CURVE('',#635,#634,#48,.T.);
#791=EDGE_CURVE('',#635,#636,#329,.T.);
#792=EDGE_CURVE('',#637,#636,#49,.T.);
#793=EDGE_CURVE('',#637,#638,#330,.T.);
#794=EDGE_CURVE('',#631,#638,#50,.T.);
#795=EDGE_CURVE('',#639,#640,#331,.T.);
#796=EDGE_CURVE('',#641,#639,#332,.T.);
#797=EDGE_CURVE('',#641,#642,#333,.T.);
#798=EDGE_CURVE('',#640,#642,#334,.F.);
#799=EDGE_CURVE('',#626,#640,#335,.T.);
#800=EDGE_CURVE('',#639,#626,#336,.T.);
#801=EDGE_CURVE('',#627,#642,#337,.T.);
#802=EDGE_CURVE('',#627,#641,#338,.T.);
#803=EDGE_CURVE('',#634,#615,#339,.T.);
#804=EDGE_CURVE('',#614,#635,#340,.T.);
#805=EDGE_CURVE('',#616,#633,#341,.T.);
#806=EDGE_CURVE('',#632,#609,#342,.T.);
#807=EDGE_CURVE('',#610,#631,#343,.T.);
#808=EDGE_CURVE('',#636,#613,#344,.T.);
#809=EDGE_CURVE('',#612,#637,#345,.T.);
#810=EDGE_CURVE('',#638,#611,#346,.T.);
#811=EDGE_CURVE('',#643,#644,#51,.T.);
#812=EDGE_CURVE('',#644,#645,#347,.T.);
#813=EDGE_CURVE('',#645,#646,#52,.T.);
#814=EDGE_CURVE('',#646,#643,#348,.T.);
#815=EDGE_CURVE('',#647,#644,#349,.T.);
#816=EDGE_CURVE('',#648,#647,#350,.T.);
#817=EDGE_CURVE('',#645,#648,#351,.T.);
#818=EDGE_CURVE('',#649,#650,#53,.T.);
#819=EDGE_CURVE('',#650,#651,#352,.T.);
#820=EDGE_CURVE('',#651,#652,#54,.T.);
#821=EDGE_CURVE('',#652,#649,#353,.T.);
#822=EDGE_CURVE('',#646,#651,#354,.T.);
#823=EDGE_CURVE('',#650,#653,#355,.T.);
#824=EDGE_CURVE('',#653,#654,#356,.T.);
#825=EDGE_CURVE('',#655,#654,#357,.T.);
#826=EDGE_CURVE('',#656,#655,#358,.T.);
#827=EDGE_CURVE('',#656,#643,#359,.T.);
#828=EDGE_CURVE('',#657,#658,#55,.T.);
#829=EDGE_CURVE('',#658,#659,#360,.T.);
#830=EDGE_CURVE('',#659,#660,#56,.T.);
#831=EDGE_CURVE('',#660,#657,#361,.T.);
#832=EDGE_CURVE('',#659,#652,#362,.T.);
#833=EDGE_CURVE('',#649,#658,#363,.T.);
#834=EDGE_CURVE('',#647,#661,#57,.T.);
#835=EDGE_CURVE('',#661,#662,#364,.T.);
#836=EDGE_CURVE('',#662,#648,#58,.T.);
#837=EDGE_CURVE('',#660,#662,#365,.T.);
#838=EDGE_CURVE('',#661,#663,#366,.T.);
#839=EDGE_CURVE('',#663,#664,#367,.T.);
#840=EDGE_CURVE('',#665,#664,#368,.T.);
#841=EDGE_CURVE('',#666,#665,#369,.T.);
#842=EDGE_CURVE('',#666,#657,#370,.T.);
#843=EDGE_CURVE('',#622,#667,#371,.T.);
#844=EDGE_CURVE('',#667,#668,#59,.T.);
#845=EDGE_CURVE('',#668,#623,#372,.T.);
#846=EDGE_CURVE('',#669,#668,#373,.T.);
#847=EDGE_CURVE('',#624,#669,#374,.T.);
#848=EDGE_CURVE('',#667,#670,#375,.T.);
#849=EDGE_CURVE('',#671,#670,#60,.T.);
#850=EDGE_CURVE('',#671,#672,#376,.T.);
#851=EDGE_CURVE('',#630,#672,#61,.T.);
#852=EDGE_CURVE('',#669,#629,#62,.T.);
#853=EDGE_CURVE('',#620,#671,#377,.T.);
#854=EDGE_CURVE('',#670,#621,#378,.T.);
#855=EDGE_CURVE('',#672,#619,#379,.T.);
#856=EDGE_CURVE('',#663,#656,#380,.T.);
#857=EDGE_CURVE('',#653,#666,#381,.T.);
#858=EDGE_CURVE('',#654,#665,#382,.T.);
#859=EDGE_CURVE('',#664,#655,#383,.T.);
#860=EDGE_CURVE('',#673,#674,#384,.T.);
#861=EDGE_CURVE('',#607,#673,#385,.T.);
#862=EDGE_CURVE('',#674,#606,#386,.T.);
#863=EDGE_CURVE('',#673,#625,#387,.T.);
#864=EDGE_CURVE('',#674,#628,#388,.T.);
#865=EDGE_CURVE('',#675,#676,#389,.T.);
#866=EDGE_CURVE('',#676,#677,#390,.T.);
#867=EDGE_CURVE('',#678,#677,#391,.T.);
#868=EDGE_CURVE('',#675,#678,#392,.T.);
#869=EDGE_CURVE('',#675,#679,#63,.T.);
#870=EDGE_CURVE('',#680,#678,#64,.T.);
#871=EDGE_CURVE('',#679,#680,#393,.T.);
#872=EDGE_CURVE('',#681,#679,#394,.T.);
#873=EDGE_CURVE('',#682,#680,#395,.T.);
#874=EDGE_CURVE('',#681,#682,#396,.T.);
#875=EDGE_CURVE('',#676,#681,#65,.T.);
#876=EDGE_CURVE('',#677,#682,#66,.T.);
#877=ORIENTED_EDGE('',*,*,#683,.F.);
#878=ORIENTED_EDGE('',*,*,#684,.T.);
#879=ORIENTED_EDGE('',*,*,#685,.T.);
#880=ORIENTED_EDGE('',*,*,#686,.T.);
#881=ORIENTED_EDGE('',*,*,#686,.F.);
#882=ORIENTED_EDGE('',*,*,#687,.T.);
#883=ORIENTED_EDGE('',*,*,#688,.T.);
#884=ORIENTED_EDGE('',*,*,#689,.F.);
#885=ORIENTED_EDGE('',*,*,#690,.F.);
#886=ORIENTED_EDGE('',*,*,#691,.T.);
#887=ORIENTED_EDGE('',*,*,#692,.T.);
#888=ORIENTED_EDGE('',*,*,#693,.T.);
#889=ORIENTED_EDGE('',*,*,#693,.F.);
#890=ORIENTED_EDGE('',*,*,#694,.T.);
#891=ORIENTED_EDGE('',*,*,#695,.F.);
#892=ORIENTED_EDGE('',*,*,#696,.F.);
#893=ORIENTED_EDGE('',*,*,#696,.T.);
#894=ORIENTED_EDGE('',*,*,#697,.F.);
#895=ORIENTED_EDGE('',*,*,#698,.F.);
#896=ORIENTED_EDGE('',*,*,#699,.T.);
#897=ORIENTED_EDGE('',*,*,#690,.T.);
#898=ORIENTED_EDGE('',*,*,#700,.F.);
#899=ORIENTED_EDGE('',*,*,#701,.F.);
#900=ORIENTED_EDGE('',*,*,#697,.T.);
#901=ORIENTED_EDGE('',*,*,#695,.T.);
#902=ORIENTED_EDGE('',*,*,#700,.T.);
#903=ORIENTED_EDGE('',*,*,#694,.F.);
#904=ORIENTED_EDGE('',*,*,#692,.F.);
#905=ORIENTED_EDGE('',*,*,#702,.T.);
#906=ORIENTED_EDGE('',*,*,#703,.F.);
#907=ORIENTED_EDGE('',*,*,#704,.F.);
#908=ORIENTED_EDGE('',*,*,#705,.T.);
#909=ORIENTED_EDGE('',*,*,#687,.F.);
#910=ORIENTED_EDGE('',*,*,#685,.F.);
#911=ORIENTED_EDGE('',*,*,#706,.T.);
#912=ORIENTED_EDGE('',*,*,#707,.T.);
#913=ORIENTED_EDGE('',*,*,#688,.F.);
#914=ORIENTED_EDGE('',*,*,#705,.F.);
#915=ORIENTED_EDGE('',*,*,#708,.F.);
#916=ORIENTED_EDGE('',*,*,#707,.F.);
#917=ORIENTED_EDGE('',*,*,#709,.F.);
#918=ORIENTED_EDGE('',*,*,#710,.T.);
#919=ORIENTED_EDGE('',*,*,#683,.T.);
#920=ORIENTED_EDGE('',*,*,#689,.T.);
#921=ORIENTED_EDGE('',*,*,#709,.T.);
#922=ORIENTED_EDGE('',*,*,#708,.T.);
#923=ORIENTED_EDGE('',*,*,#704,.T.);
#924=ORIENTED_EDGE('',*,*,#711,.F.);
#925=ORIENTED_EDGE('',*,*,#712,.F.);
#926=ORIENTED_EDGE('',*,*,#713,.F.);
#927=ORIENTED_EDGE('',*,*,#714,.T.);
#928=ORIENTED_EDGE('',*,*,#715,.F.);
#929=ORIENTED_EDGE('',*,*,#716,.F.);
#930=ORIENTED_EDGE('',*,*,#717,.T.);
#931=ORIENTED_EDGE('',*,*,#718,.F.);
#932=ORIENTED_EDGE('',*,*,#714,.F.);
#933=ORIENTED_EDGE('',*,*,#719,.F.);
#934=ORIENTED_EDGE('',*,*,#712,.T.);
#935=ORIENTED_EDGE('',*,*,#720,.F.);
#936=ORIENTED_EDGE('',*,*,#721,.F.);
#937=ORIENTED_EDGE('',*,*,#703,.T.);
#938=ORIENTED_EDGE('',*,*,#722,.F.);
#939=ORIENTED_EDGE('',*,*,#717,.F.);
#940=ORIENTED_EDGE('',*,*,#723,.F.);
#941=ORIENTED_EDGE('',*,*,#721,.T.);
#942=ORIENTED_EDGE('',*,*,#724,.F.);
#943=ORIENTED_EDGE('',*,*,#698,.T.);
#944=ORIENTED_EDGE('',*,*,#701,.T.);
#945=ORIENTED_EDGE('',*,*,#710,.F.);
#946=ORIENTED_EDGE('',*,*,#715,.T.);
#947=ORIENTED_EDGE('',*,*,#718,.T.);
#948=ORIENTED_EDGE('',*,*,#722,.T.);
#949=ORIENTED_EDGE('',*,*,#702,.F.);
#950=ORIENTED_EDGE('',*,*,#691,.F.);
#951=ORIENTED_EDGE('',*,*,#699,.F.);
#952=ORIENTED_EDGE('',*,*,#724,.T.);
#953=ORIENTED_EDGE('',*,*,#720,.T.);
#954=ORIENTED_EDGE('',*,*,#711,.T.);
#955=ORIENTED_EDGE('',*,*,#706,.F.);
#956=ORIENTED_EDGE('',*,*,#684,.F.);
#957=ORIENTED_EDGE('',*,*,#725,.T.);
#958=ORIENTED_EDGE('',*,*,#726,.T.);
#959=ORIENTED_EDGE('',*,*,#727,.F.);
#960=ORIENTED_EDGE('',*,*,#728,.F.);
#961=ORIENTED_EDGE('',*,*,#729,.T.);
#962=ORIENTED_EDGE('',*,*,#728,.T.);
#963=ORIENTED_EDGE('',*,*,#730,.F.);
#964=ORIENTED_EDGE('',*,*,#731,.F.);
#965=ORIENTED_EDGE('',*,*,#732,.T.);
#966=ORIENTED_EDGE('',*,*,#731,.T.);
#967=ORIENTED_EDGE('',*,*,#733,.F.);
#968=ORIENTED_EDGE('',*,*,#734,.F.);
#969=ORIENTED_EDGE('',*,*,#735,.T.);
#970=ORIENTED_EDGE('',*,*,#734,.T.);
#971=ORIENTED_EDGE('',*,*,#736,.F.);
#972=ORIENTED_EDGE('',*,*,#737,.F.);
#973=ORIENTED_EDGE('',*,*,#738,.T.);
#974=ORIENTED_EDGE('',*,*,#737,.T.);
#975=ORIENTED_EDGE('',*,*,#739,.F.);
#976=ORIENTED_EDGE('',*,*,#740,.F.);
#977=ORIENTED_EDGE('',*,*,#741,.T.);
#978=ORIENTED_EDGE('',*,*,#740,.T.);
#979=ORIENTED_EDGE('',*,*,#742,.F.);
#980=ORIENTED_EDGE('',*,*,#743,.F.);
#981=ORIENTED_EDGE('',*,*,#744,.T.);
#982=ORIENTED_EDGE('',*,*,#743,.T.);
#983=ORIENTED_EDGE('',*,*,#745,.F.);
#984=ORIENTED_EDGE('',*,*,#746,.F.);
#985=ORIENTED_EDGE('',*,*,#747,.T.);
#986=ORIENTED_EDGE('',*,*,#746,.T.);
#987=ORIENTED_EDGE('',*,*,#748,.F.);
#988=ORIENTED_EDGE('',*,*,#726,.F.);
#989=ORIENTED_EDGE('',*,*,#748,.T.);
#990=ORIENTED_EDGE('',*,*,#745,.T.);
#991=ORIENTED_EDGE('',*,*,#742,.T.);
#992=ORIENTED_EDGE('',*,*,#739,.T.);
#993=ORIENTED_EDGE('',*,*,#736,.T.);
#994=ORIENTED_EDGE('',*,*,#733,.T.);
#995=ORIENTED_EDGE('',*,*,#730,.T.);
#996=ORIENTED_EDGE('',*,*,#727,.T.);
#997=ORIENTED_EDGE('',*,*,#716,.T.);
#998=ORIENTED_EDGE('',*,*,#713,.T.);
#999=ORIENTED_EDGE('',*,*,#719,.T.);
#1000=ORIENTED_EDGE('',*,*,#723,.T.);
#1001=ORIENTED_EDGE('',*,*,#747,.F.);
#1002=ORIENTED_EDGE('',*,*,#725,.F.);
#1003=ORIENTED_EDGE('',*,*,#729,.F.);
#1004=ORIENTED_EDGE('',*,*,#732,.F.);
#1005=ORIENTED_EDGE('',*,*,#735,.F.);
#1006=ORIENTED_EDGE('',*,*,#738,.F.);
#1007=ORIENTED_EDGE('',*,*,#741,.F.);
#1008=ORIENTED_EDGE('',*,*,#744,.F.);
#1009=ORIENTED_EDGE('',*,*,#749,.T.);
#1010=ORIENTED_EDGE('',*,*,#750,.T.);
#1011=ORIENTED_EDGE('',*,*,#751,.F.);
#1012=ORIENTED_EDGE('',*,*,#752,.F.);
#1013=ORIENTED_EDGE('',*,*,#749,.F.);
#1014=ORIENTED_EDGE('',*,*,#753,.F.);
#1015=ORIENTED_EDGE('',*,*,#754,.T.);
#1016=ORIENTED_EDGE('',*,*,#755,.T.);
#1017=ORIENTED_EDGE('',*,*,#750,.F.);
#1018=ORIENTED_EDGE('',*,*,#754,.F.);
#1019=ORIENTED_EDGE('',*,*,#756,.F.);
#1020=ORIENTED_EDGE('',*,*,#755,.F.);
#1021=ORIENTED_EDGE('',*,*,#757,.F.);
#1022=ORIENTED_EDGE('',*,*,#751,.T.);
#1023=ORIENTED_EDGE('',*,*,#753,.T.);
#1024=ORIENTED_EDGE('',*,*,#752,.T.);
#1025=ORIENTED_EDGE('',*,*,#757,.T.);
#1026=ORIENTED_EDGE('',*,*,#758,.F.);
#1027=ORIENTED_EDGE('',*,*,#759,.F.);
#1028=ORIENTED_EDGE('',*,*,#760,.T.);
#1029=ORIENTED_EDGE('',*,*,#761,.T.);
#1030=ORIENTED_EDGE('',*,*,#762,.F.);
#1031=ORIENTED_EDGE('',*,*,#763,.T.);
#1032=ORIENTED_EDGE('',*,*,#764,.F.);
#1033=ORIENTED_EDGE('',*,*,#765,.T.);
#1034=ORIENTED_EDGE('',*,*,#766,.F.);
#1035=ORIENTED_EDGE('',*,*,#767,.T.);
#1036=ORIENTED_EDGE('',*,*,#768,.F.);
#1037=ORIENTED_EDGE('',*,*,#769,.T.);
#1038=ORIENTED_EDGE('',*,*,#770,.F.);
#1039=ORIENTED_EDGE('',*,*,#771,.T.);
#1040=ORIENTED_EDGE('',*,*,#772,.F.);
#1041=ORIENTED_EDGE('',*,*,#773,.T.);
#1042=ORIENTED_EDGE('',*,*,#774,.F.);
#1043=ORIENTED_EDGE('',*,*,#775,.T.);
#1044=ORIENTED_EDGE('',*,*,#776,.F.);
#1045=ORIENTED_EDGE('',*,*,#777,.T.);
#1046=ORIENTED_EDGE('',*,*,#778,.F.);
#1047=ORIENTED_EDGE('',*,*,#756,.T.);
#1048=ORIENTED_EDGE('',*,*,#762,.T.);
#1049=ORIENTED_EDGE('',*,*,#779,.T.);
#1050=ORIENTED_EDGE('',*,*,#780,.T.);
#1051=ORIENTED_EDGE('',*,*,#781,.T.);
#1052=ORIENTED_EDGE('',*,*,#782,.T.);
#1053=ORIENTED_EDGE('',*,*,#783,.T.);
#1054=ORIENTED_EDGE('',*,*,#758,.T.);
#1055=ORIENTED_EDGE('',*,*,#771,.F.);
#1056=ORIENTED_EDGE('',*,*,#784,.F.);
#1057=ORIENTED_EDGE('',*,*,#785,.F.);
#1058=ORIENTED_EDGE('',*,*,#786,.F.);
#1059=ORIENTED_EDGE('',*,*,#787,.T.);
#1060=ORIENTED_EDGE('',*,*,#788,.F.);
#1061=ORIENTED_EDGE('',*,*,#789,.T.);
#1062=ORIENTED_EDGE('',*,*,#790,.F.);
#1063=ORIENTED_EDGE('',*,*,#791,.T.);
#1064=ORIENTED_EDGE('',*,*,#792,.F.);
#1065=ORIENTED_EDGE('',*,*,#793,.T.);
#1066=ORIENTED_EDGE('',*,*,#794,.F.);
#1067=ORIENTED_EDGE('',*,*,#795,.F.);
#1068=ORIENTED_EDGE('',*,*,#796,.F.);
#1069=ORIENTED_EDGE('',*,*,#797,.T.);
#1070=ORIENTED_EDGE('',*,*,#798,.F.);
#1071=ORIENTED_EDGE('',*,*,#795,.T.);
#1072=ORIENTED_EDGE('',*,*,#799,.F.);
#1073=ORIENTED_EDGE('',*,*,#800,.F.);
#1074=ORIENTED_EDGE('',*,*,#801,.F.);
#1075=ORIENTED_EDGE('',*,*,#781,.F.);
#1076=ORIENTED_EDGE('',*,*,#799,.T.);
#1077=ORIENTED_EDGE('',*,*,#798,.T.);
#1078=ORIENTED_EDGE('',*,*,#801,.T.);
#1079=ORIENTED_EDGE('',*,*,#797,.F.);
#1080=ORIENTED_EDGE('',*,*,#802,.F.);
#1081=ORIENTED_EDGE('',*,*,#790,.T.);
#1082=ORIENTED_EDGE('',*,*,#803,.T.);
#1083=ORIENTED_EDGE('',*,*,#768,.T.);
#1084=ORIENTED_EDGE('',*,*,#804,.T.);
#1085=ORIENTED_EDGE('',*,*,#803,.F.);
#1086=ORIENTED_EDGE('',*,*,#789,.F.);
#1087=ORIENTED_EDGE('',*,*,#805,.F.);
#1088=ORIENTED_EDGE('',*,*,#769,.F.);
#1089=ORIENTED_EDGE('',*,*,#788,.T.);
#1090=ORIENTED_EDGE('',*,*,#806,.T.);
#1091=ORIENTED_EDGE('',*,*,#770,.T.);
#1092=ORIENTED_EDGE('',*,*,#805,.T.);
#1093=ORIENTED_EDGE('',*,*,#806,.F.);
#1094=ORIENTED_EDGE('',*,*,#787,.F.);
#1095=ORIENTED_EDGE('',*,*,#807,.F.);
#1096=ORIENTED_EDGE('',*,*,#763,.F.);
#1097=ORIENTED_EDGE('',*,*,#792,.T.);
#1098=ORIENTED_EDGE('',*,*,#808,.T.);
#1099=ORIENTED_EDGE('',*,*,#766,.T.);
#1100=ORIENTED_EDGE('',*,*,#809,.T.);
#1101=ORIENTED_EDGE('',*,*,#804,.F.);
#1102=ORIENTED_EDGE('',*,*,#767,.F.);
#1103=ORIENTED_EDGE('',*,*,#808,.F.);
#1104=ORIENTED_EDGE('',*,*,#791,.F.);
#1105=ORIENTED_EDGE('',*,*,#794,.T.);
#1106=ORIENTED_EDGE('',*,*,#810,.T.);
#1107=ORIENTED_EDGE('',*,*,#764,.T.);
#1108=ORIENTED_EDGE('',*,*,#807,.T.);
#1109=ORIENTED_EDGE('',*,*,#809,.F.);
#1110=ORIENTED_EDGE('',*,*,#765,.F.);
#1111=ORIENTED_EDGE('',*,*,#810,.F.);
#1112=ORIENTED_EDGE('',*,*,#793,.F.);
#1113=ORIENTED_EDGE('',*,*,#811,.T.);
#1114=ORIENTED_EDGE('',*,*,#812,.T.);
#1115=ORIENTED_EDGE('',*,*,#813,.T.);
#1116=ORIENTED_EDGE('',*,*,#814,.T.);
#1117=ORIENTED_EDGE('',*,*,#812,.F.);
#1118=ORIENTED_EDGE('',*,*,#815,.F.);
#1119=ORIENTED_EDGE('',*,*,#816,.F.);
#1120=ORIENTED_EDGE('',*,*,#817,.F.);
#1121=ORIENTED_EDGE('',*,*,#818,.T.);
#1122=ORIENTED_EDGE('',*,*,#819,.T.);
#1123=ORIENTED_EDGE('',*,*,#820,.T.);
#1124=ORIENTED_EDGE('',*,*,#821,.T.);
#1125=ORIENTED_EDGE('',*,*,#814,.F.);
#1126=ORIENTED_EDGE('',*,*,#822,.T.);
#1127=ORIENTED_EDGE('',*,*,#819,.F.);
#1128=ORIENTED_EDGE('',*,*,#823,.T.);
#1129=ORIENTED_EDGE('',*,*,#824,.T.);
#1130=ORIENTED_EDGE('',*,*,#825,.F.);
#1131=ORIENTED_EDGE('',*,*,#826,.F.);
#1132=ORIENTED_EDGE('',*,*,#827,.T.);
#1133=ORIENTED_EDGE('',*,*,#828,.T.);
#1134=ORIENTED_EDGE('',*,*,#829,.T.);
#1135=ORIENTED_EDGE('',*,*,#830,.T.);
#1136=ORIENTED_EDGE('',*,*,#831,.T.);
#1137=ORIENTED_EDGE('',*,*,#821,.F.);
#1138=ORIENTED_EDGE('',*,*,#832,.F.);
#1139=ORIENTED_EDGE('',*,*,#829,.F.);
#1140=ORIENTED_EDGE('',*,*,#833,.F.);
#1141=ORIENTED_EDGE('',*,*,#834,.T.);
#1142=ORIENTED_EDGE('',*,*,#835,.T.);
#1143=ORIENTED_EDGE('',*,*,#836,.T.);
#1144=ORIENTED_EDGE('',*,*,#816,.T.);
#1145=ORIENTED_EDGE('',*,*,#831,.F.);
#1146=ORIENTED_EDGE('',*,*,#837,.T.);
#1147=ORIENTED_EDGE('',*,*,#835,.F.);
#1148=ORIENTED_EDGE('',*,*,#838,.T.);
#1149=ORIENTED_EDGE('',*,*,#839,.T.);
#1150=ORIENTED_EDGE('',*,*,#840,.F.);
#1151=ORIENTED_EDGE('',*,*,#841,.F.);
#1152=ORIENTED_EDGE('',*,*,#842,.T.);
#1153=ORIENTED_EDGE('',*,*,#776,.T.);
#1154=ORIENTED_EDGE('',*,*,#843,.T.);
#1155=ORIENTED_EDGE('',*,*,#844,.T.);
#1156=ORIENTED_EDGE('',*,*,#845,.T.);
#1157=ORIENTED_EDGE('',*,*,#845,.F.);
#1158=ORIENTED_EDGE('',*,*,#846,.F.);
#1159=ORIENTED_EDGE('',*,*,#847,.F.);
#1160=ORIENTED_EDGE('',*,*,#777,.F.);
#1161=ORIENTED_EDGE('',*,*,#844,.F.);
#1162=ORIENTED_EDGE('',*,*,#848,.T.);
#1163=ORIENTED_EDGE('',*,*,#849,.F.);
#1164=ORIENTED_EDGE('',*,*,#850,.T.);
#1165=ORIENTED_EDGE('',*,*,#851,.F.);
#1166=ORIENTED_EDGE('',*,*,#785,.T.);
#1167=ORIENTED_EDGE('',*,*,#852,.F.);
#1168=ORIENTED_EDGE('',*,*,#846,.T.);
#1169=ORIENTED_EDGE('',*,*,#832,.T.);
#1170=ORIENTED_EDGE('',*,*,#820,.F.);
#1171=ORIENTED_EDGE('',*,*,#822,.F.);
#1172=ORIENTED_EDGE('',*,*,#813,.F.);
#1173=ORIENTED_EDGE('',*,*,#817,.T.);
#1174=ORIENTED_EDGE('',*,*,#836,.F.);
#1175=ORIENTED_EDGE('',*,*,#837,.F.);
#1176=ORIENTED_EDGE('',*,*,#830,.F.);
#1177=ORIENTED_EDGE('',*,*,#774,.T.);
#1178=ORIENTED_EDGE('',*,*,#853,.T.);
#1179=ORIENTED_EDGE('',*,*,#849,.T.);
#1180=ORIENTED_EDGE('',*,*,#854,.T.);
#1181=ORIENTED_EDGE('',*,*,#853,.F.);
#1182=ORIENTED_EDGE('',*,*,#773,.F.);
#1183=ORIENTED_EDGE('',*,*,#855,.F.);
#1184=ORIENTED_EDGE('',*,*,#850,.F.);
#1185=ORIENTED_EDGE('',*,*,#772,.T.);
#1186=ORIENTED_EDGE('',*,*,#786,.T.);
#1187=ORIENTED_EDGE('',*,*,#851,.T.);
#1188=ORIENTED_EDGE('',*,*,#855,.T.);
#1189=ORIENTED_EDGE('',*,*,#778,.T.);
#1190=ORIENTED_EDGE('',*,*,#847,.T.);
#1191=ORIENTED_EDGE('',*,*,#852,.T.);
#1192=ORIENTED_EDGE('',*,*,#784,.T.);
#1193=ORIENTED_EDGE('',*,*,#856,.F.);
#1194=ORIENTED_EDGE('',*,*,#838,.F.);
#1195=ORIENTED_EDGE('',*,*,#834,.F.);
#1196=ORIENTED_EDGE('',*,*,#815,.T.);
#1197=ORIENTED_EDGE('',*,*,#811,.F.);
#1198=ORIENTED_EDGE('',*,*,#827,.F.);
#1199=ORIENTED_EDGE('',*,*,#857,.F.);
#1200=ORIENTED_EDGE('',*,*,#823,.F.);
#1201=ORIENTED_EDGE('',*,*,#818,.F.);
#1202=ORIENTED_EDGE('',*,*,#833,.T.);
#1203=ORIENTED_EDGE('',*,*,#828,.F.);
#1204=ORIENTED_EDGE('',*,*,#842,.F.);
#1205=ORIENTED_EDGE('',*,*,#857,.T.);
#1206=ORIENTED_EDGE('',*,*,#841,.T.);
#1207=ORIENTED_EDGE('',*,*,#858,.F.);
#1208=ORIENTED_EDGE('',*,*,#824,.F.);
#1209=ORIENTED_EDGE('',*,*,#856,.T.);
#1210=ORIENTED_EDGE('',*,*,#826,.T.);
#1211=ORIENTED_EDGE('',*,*,#859,.F.);
#1212=ORIENTED_EDGE('',*,*,#839,.F.);
#1213=ORIENTED_EDGE('',*,*,#860,.F.);
#1214=ORIENTED_EDGE('',*,*,#861,.F.);
#1215=ORIENTED_EDGE('',*,*,#760,.F.);
#1216=ORIENTED_EDGE('',*,*,#862,.F.);
#1217=ORIENTED_EDGE('',*,*,#859,.T.);
#1218=ORIENTED_EDGE('',*,*,#825,.T.);
#1219=ORIENTED_EDGE('',*,*,#858,.T.);
#1220=ORIENTED_EDGE('',*,*,#840,.T.);
#1221=ORIENTED_EDGE('',*,*,#861,.T.);
#1222=ORIENTED_EDGE('',*,*,#863,.T.);
#1223=ORIENTED_EDGE('',*,*,#779,.F.);
#1224=ORIENTED_EDGE('',*,*,#761,.F.);
#1225=ORIENTED_EDGE('',*,*,#862,.T.);
#1226=ORIENTED_EDGE('',*,*,#759,.T.);
#1227=ORIENTED_EDGE('',*,*,#783,.F.);
#1228=ORIENTED_EDGE('',*,*,#864,.F.);
#1229=ORIENTED_EDGE('',*,*,#800,.T.);
#1230=ORIENTED_EDGE('',*,*,#780,.F.);
#1231=ORIENTED_EDGE('',*,*,#863,.F.);
#1232=ORIENTED_EDGE('',*,*,#860,.T.);
#1233=ORIENTED_EDGE('',*,*,#864,.T.);
#1234=ORIENTED_EDGE('',*,*,#782,.F.);
#1235=ORIENTED_EDGE('',*,*,#802,.T.);
#1236=ORIENTED_EDGE('',*,*,#796,.T.);
#1237=ORIENTED_EDGE('',*,*,#843,.F.);
#1238=ORIENTED_EDGE('',*,*,#775,.F.);
#1239=ORIENTED_EDGE('',*,*,#854,.F.);
#1240=ORIENTED_EDGE('',*,*,#848,.F.);
#1241=ORIENTED_EDGE('',*,*,#865,.T.);
#1242=ORIENTED_EDGE('',*,*,#866,.T.);
#1243=ORIENTED_EDGE('',*,*,#867,.F.);
#1244=ORIENTED_EDGE('',*,*,#868,.F.);
#1245=ORIENTED_EDGE('',*,*,#869,.F.);
#1246=ORIENTED_EDGE('',*,*,#868,.T.);
#1247=ORIENTED_EDGE('',*,*,#870,.F.);
#1248=ORIENTED_EDGE('',*,*,#871,.F.);
#1249=ORIENTED_EDGE('',*,*,#872,.T.);
#1250=ORIENTED_EDGE('',*,*,#871,.T.);
#1251=ORIENTED_EDGE('',*,*,#873,.F.);
#1252=ORIENTED_EDGE('',*,*,#874,.F.);
#1253=ORIENTED_EDGE('',*,*,#875,.T.);
#1254=ORIENTED_EDGE('',*,*,#874,.T.);
#1255=ORIENTED_EDGE('',*,*,#876,.F.);
#1256=ORIENTED_EDGE('',*,*,#866,.F.);
#1257=ORIENTED_EDGE('',*,*,#876,.T.);
#1258=ORIENTED_EDGE('',*,*,#873,.T.);
#1259=ORIENTED_EDGE('',*,*,#870,.T.);
#1260=ORIENTED_EDGE('',*,*,#867,.T.);
#1261=ORIENTED_EDGE('',*,*,#875,.F.);
#1262=ORIENTED_EDGE('',*,*,#865,.F.);
#1263=ORIENTED_EDGE('',*,*,#869,.T.);
#1264=ORIENTED_EDGE('',*,*,#872,.F.);
#1265=PLANE('',#1412);
#1266=PLANE('',#1413);
#1267=PLANE('',#1414);
#1268=PLANE('',#1415);
#1269=PLANE('',#1416);
#1270=PLANE('',#1417);
#1271=PLANE('',#1418);
#1272=PLANE('',#1419);
#1273=PLANE('',#1420);
#1274=PLANE('',#1421);
#1275=PLANE('',#1422);
#1276=PLANE('',#1423);
#1277=PLANE('',#1424);
#1278=PLANE('',#1425);
#1279=PLANE('',#1426);
#1280=PLANE('',#1427);
#1281=PLANE('',#1431);
#1282=PLANE('',#1435);
#1283=PLANE('',#1439);
#1284=PLANE('',#1443);
#1285=PLANE('',#1444);
#1286=PLANE('',#1445);
#1287=PLANE('',#1446);
#1288=PLANE('',#1447);
#1289=PLANE('',#1448);
#1290=PLANE('',#1449);
#1291=PLANE('',#1454);
#1292=PLANE('',#1459);
#1293=PLANE('',#1464);
#1294=PLANE('',#1465);
#1295=PLANE('',#1466);
#1296=PLANE('',#1467);
#1297=PLANE('',#1469);
#1298=PLANE('',#1471);
#1299=PLANE('',#1473);
#1300=PLANE('',#1475);
#1301=PLANE('',#1479);
#1302=PLANE('',#1483);
#1303=PLANE('',#1487);
#1304=PLANE('',#1491);
#1305=PLANE('',#1494);
#1306=PLANE('',#1495);
#1307=PLANE('',#1500);
#1308=PLANE('',#1503);
#1309=PLANE('',#1504);
#1310=PLANE('',#1505);
#1311=PLANE('',#1506);
#1312=PLANE('',#1507);
#1313=PLANE('',#1508);
#1314=PLANE('',#1509);
#1315=PLANE('',#1510);
#1316=PLANE('',#1511);
#1317=PLANE('',#1512);
#1318=PLANE('',#1516);
#1319=PLANE('',#1520);
#1320=PLANE('',#1521);
#1321=ADVANCED_FACE('',(#85),#1265,.T.);
#1322=ADVANCED_FACE('',(#86),#1266,.F.);
#1323=ADVANCED_FACE('',(#87),#1267,.T.);
#1324=ADVANCED_FACE('',(#88),#1268,.T.);
#1325=ADVANCED_FACE('',(#89),#1269,.T.);
#1326=ADVANCED_FACE('',(#90),#1270,.T.);
#1327=ADVANCED_FACE('',(#91),#1271,.T.);
#1328=ADVANCED_FACE('',(#92),#1272,.F.);
#1329=ADVANCED_FACE('',(#93),#1273,.F.);
#1330=ADVANCED_FACE('',(#94),#1274,.F.);
#1331=ADVANCED_FACE('',(#95),#1275,.T.);
#1332=ADVANCED_FACE('',(#96),#1276,.T.);
#1333=ADVANCED_FACE('',(#97),#1277,.T.);
#1334=ADVANCED_FACE('',(#98),#1278,.T.);
#1335=ADVANCED_FACE('',(#99),#1279,.T.);
#1336=ADVANCED_FACE('',(#100),#1280,.T.);
#1337=ADVANCED_FACE('',(#101),#67,.T.);
#1338=ADVANCED_FACE('',(#102),#1281,.T.);
#1339=ADVANCED_FACE('',(#103),#68,.T.);
#1340=ADVANCED_FACE('',(#104),#1282,.T.);
#1341=ADVANCED_FACE('',(#105),#69,.T.);
#1342=ADVANCED_FACE('',(#106),#1283,.T.);
#1343=ADVANCED_FACE('',(#107),#70,.T.);
#1344=ADVANCED_FACE('',(#108,#25),#1284,.T.);
#1345=ADVANCED_FACE('',(#109),#1285,.F.);
#1346=ADVANCED_FACE('',(#110),#1286,.F.);
#1347=ADVANCED_FACE('',(#111),#1287,.F.);
#1348=ADVANCED_FACE('',(#112),#1288,.F.);
#1349=ADVANCED_FACE('',(#113),#1289,.F.);
#1350=ADVANCED_FACE('',(#114,#26),#1290,.T.);
#1351=ADVANCED_FACE('',(#115,#27),#1291,.T.);
#1352=ADVANCED_FACE('',(#116,#28),#1292,.T.);
#1353=ADVANCED_FACE('',(#117),#1293,.T.);
#1354=ADVANCED_FACE('',(#118),#1294,.T.);
#1355=ADVANCED_FACE('',(#119),#1295,.T.);
#1356=ADVANCED_FACE('',(#120),#1296,.T.);
#1357=ADVANCED_FACE('',(#121),#71,.F.);
#1358=ADVANCED_FACE('',(#122),#1297,.F.);
#1359=ADVANCED_FACE('',(#123),#72,.F.);
#1360=ADVANCED_FACE('',(#124),#1298,.F.);
#1361=ADVANCED_FACE('',(#125),#73,.F.);
#1362=ADVANCED_FACE('',(#126),#1299,.F.);
#1363=ADVANCED_FACE('',(#127),#74,.F.);
#1364=ADVANCED_FACE('',(#128),#1300,.F.);
#1365=ADVANCED_FACE('',(#129),#75,.F.);
#1366=ADVANCED_FACE('',(#130),#1301,.T.);
#1367=ADVANCED_FACE('',(#131),#76,.F.);
#1368=ADVANCED_FACE('',(#132),#1302,.T.);
#1369=ADVANCED_FACE('',(#133),#77,.F.);
#1370=ADVANCED_FACE('',(#134),#1303,.T.);
#1371=ADVANCED_FACE('',(#135),#78,.F.);
#1372=ADVANCED_FACE('',(#136),#1304,.T.);
#1373=ADVANCED_FACE('',(#137),#79,.T.);
#1374=ADVANCED_FACE('',(#138),#1305,.T.);
#1375=ADVANCED_FACE('',(#139,#29),#1306,.F.);
#1376=ADVANCED_FACE('',(#140),#80,.T.);
#1377=ADVANCED_FACE('',(#141),#1307,.T.);
#1378=ADVANCED_FACE('',(#142),#81,.T.);
#1379=ADVANCED_FACE('',(#143),#82,.T.);
#1380=ADVANCED_FACE('',(#144),#1308,.T.);
#1381=ADVANCED_FACE('',(#145),#1309,.T.);
#1382=ADVANCED_FACE('',(#146),#1310,.T.);
#1383=ADVANCED_FACE('',(#147),#1311,.T.);
#1384=ADVANCED_FACE('',(#148,#30),#1312,.T.);
#1385=ADVANCED_FACE('',(#149),#1313,.T.);
#1386=ADVANCED_FACE('',(#150),#1314,.T.);
#1387=ADVANCED_FACE('',(#151),#1315,.T.);
#1388=ADVANCED_FACE('',(#152),#1316,.T.);
#1389=ADVANCED_FACE('',(#153),#1317,.T.);
#1390=ADVANCED_FACE('',(#154),#83,.F.);
#1391=ADVANCED_FACE('',(#155),#1318,.T.);
#1392=ADVANCED_FACE('',(#156),#84,.T.);
#1393=ADVANCED_FACE('',(#157),#1319,.T.);
#1394=ADVANCED_FACE('',(#158),#1320,.F.);
#1395=CLOSED_SHELL('',(#1321,#1322,#1323,#1324,#1325,#1326,#1327,#1328,
#1329,#1330,#1331,#1332,#1333,#1334,#1335,#1336,#1337,#1338,#1339,#1340,
#1341,#1342,#1343,#1344,#1345));
#1396=CLOSED_SHELL('',(#1346,#1347,#1348,#1349,#1350,#1351,#1352,#1353,
#1354,#1355,#1356,#1357,#1358,#1359,#1360,#1361,#1362,#1363,#1364,#1365,
#1366,#1367,#1368,#1369,#1370,#1371,#1372,#1373,#1374,#1375,#1376,#1377,
#1378,#1379,#1380,#1381,#1382,#1383,#1384,#1385,#1386,#1387,#1388));
#1397=CLOSED_SHELL('',(#1389,#1390,#1391,#1392,#1393,#1394));
#1398=DERIVED_UNIT_ELEMENT(#1400,1.);
#1399=DERIVED_UNIT_ELEMENT(#2313,-3.);
#1400=(
MASS_UNIT()
NAMED_UNIT(*)
SI_UNIT(.KILO.,.GRAM.)
);
#1401=DERIVED_UNIT((#1398,#1399));
#1402=MEASURE_REPRESENTATION_ITEM('density measure',
POSITIVE_RATIO_MEASURE(7850.),#1401);
#1403=PROPERTY_DEFINITION_REPRESENTATION(#1408,#1405);
#1404=PROPERTY_DEFINITION_REPRESENTATION(#1409,#1406);
#1405=REPRESENTATION('material name',(#1407),#2310);
#1406=REPRESENTATION('density',(#1402),#2310);
#1407=DESCRIPTIVE_REPRESENTATION_ITEM('Steel','Steel');
#1408=PROPERTY_DEFINITION('material property','material name',#2325);
#1409=PROPERTY_DEFINITION('material property','density of part',#2325);
#1410=AXIS2_PLACEMENT_3D('',#1907,#1523,#1524);
#1411=AXIS2_PLACEMENT_3D('',#1908,#1525,#1526);
#1412=AXIS2_PLACEMENT_3D('',#1909,#1527,#1528);
#1413=AXIS2_PLACEMENT_3D('',#1918,#1533,#1534);
#1414=AXIS2_PLACEMENT_3D('',#1924,#1538,#1539);
#1415=AXIS2_PLACEMENT_3D('',#1933,#1544,#1545);
#1416=AXIS2_PLACEMENT_3D('',#1939,#1549,#1550);
#1417=AXIS2_PLACEMENT_3D('',#1945,#1554,#1555);
#1418=AXIS2_PLACEMENT_3D('',#1949,#1558,#1559);
#1419=AXIS2_PLACEMENT_3D('',#1953,#1562,#1563);
#1420=AXIS2_PLACEMENT_3D('',#1959,#1567,#1568);
#1421=AXIS2_PLACEMENT_3D('',#1963,#1571,#1572);
#1422=AXIS2_PLACEMENT_3D('',#1967,#1575,#1576);
#1423=AXIS2_PLACEMENT_3D('',#1977,#1582,#1583);
#1424=AXIS2_PLACEMENT_3D('',#1983,#1587,#1588);
#1425=AXIS2_PLACEMENT_3D('',#1989,#1592,#1593);
#1426=AXIS2_PLACEMENT_3D('',#1993,#1597,#1598);
#1427=AXIS2_PLACEMENT_3D('',#1994,#1599,#1600);
#1428=AXIS2_PLACEMENT_3D('',#2003,#1605,#1606);
#1429=AXIS2_PLACEMENT_3D('',#2005,#1607,#1608);
#1430=AXIS2_PLACEMENT_3D('',#2007,#1609,#1610);
#1431=AXIS2_PLACEMENT_3D('',#2009,#1612,#1613);
#1432=AXIS2_PLACEMENT_3D('',#2015,#1617,#1618);
#1433=AXIS2_PLACEMENT_3D('',#2017,#1619,#1620);
#1434=AXIS2_PLACEMENT_3D('',#2019,#1621,#1622);
#1435=AXIS2_PLACEMENT_3D('',#2021,#1624,#1625);
#1436=AXIS2_PLACEMENT_3D('',#2027,#1629,#1630);
#1437=AXIS2_PLACEMENT_3D('',#2029,#1631,#1632);
#1438=AXIS2_PLACEMENT_3D('',#2031,#1633,#1634);
#1439=AXIS2_PLACEMENT_3D('',#2033,#1636,#1637);
#1440=AXIS2_PLACEMENT_3D('',#2039,#1641,#1642);
#1441=AXIS2_PLACEMENT_3D('',#2040,#1643,#1644);
#1442=AXIS2_PLACEMENT_3D('',#2041,#1645,#1646);
#1443=AXIS2_PLACEMENT_3D('',#2042,#1647,#1648);
#1444=AXIS2_PLACEMENT_3D('',#2043,#1649,#1650);
#1445=AXIS2_PLACEMENT_3D('',#2044,#1651,#1652);
#1446=AXIS2_PLACEMENT_3D('',#2053,#1657,#1658);
#1447=AXIS2_PLACEMENT_3D('',#2057,#1661,#1662);
#1448=AXIS2_PLACEMENT_3D('',#2061,#1665,#1666);
#1449=AXIS2_PLACEMENT_3D('',#2063,#1668,#1669);
#1450=AXIS2_PLACEMENT_3D('',#2077,#1676,#1677);
#1451=AXIS2_PLACEMENT_3D('',#2081,#1679,#1680);
#1452=AXIS2_PLACEMENT_3D('',#2085,#1682,#1683);
#1453=AXIS2_PLACEMENT_3D('',#2088,#1685,#1686);
#1454=AXIS2_PLACEMENT_3D('',#2089,#1687,#1688);
#1455=AXIS2_PLACEMENT_3D('',#2094,#1690,#1691);
#1456=AXIS2_PLACEMENT_3D('',#2098,#1693,#1694);
#1457=AXIS2_PLACEMENT_3D('',#2102,#1696,#1697);
#1458=AXIS2_PLACEMENT_3D('',#2105,#1699,#1700);
#1459=AXIS2_PLACEMENT_3D('',#2115,#1706,#1707);
#1460=AXIS2_PLACEMENT_3D('',#2125,#1712,#1713);
#1461=AXIS2_PLACEMENT_3D('',#2129,#1715,#1716);
#1462=AXIS2_PLACEMENT_3D('',#2133,#1718,#1719);
#1463=AXIS2_PLACEMENT_3D('',#2136,#1721,#1722);
#1464=AXIS2_PLACEMENT_3D('',#2137,#1723,#1724);
#1465=AXIS2_PLACEMENT_3D('',#2146,#1729,#1730);
#1466=AXIS2_PLACEMENT_3D('',#2149,#1733,#1734);
#1467=AXIS2_PLACEMENT_3D('',#2151,#1736,#1737);
#1468=AXIS2_PLACEMENT_3D('',#2153,#1739,#1740);
#1469=AXIS2_PLACEMENT_3D('',#2156,#1743,#1744);
#1470=AXIS2_PLACEMENT_3D('',#2158,#1746,#1747);
#1471=AXIS2_PLACEMENT_3D('',#2160,#1749,#1750);
#1472=AXIS2_PLACEMENT_3D('',#2162,#1752,#1753);
#1473=AXIS2_PLACEMENT_3D('',#2165,#1756,#1757);
#1474=AXIS2_PLACEMENT_3D('',#2166,#1758,#1759);
#1475=AXIS2_PLACEMENT_3D('',#2168,#1761,#1762);
#1476=AXIS2_PLACEMENT_3D('',#2169,#1763,#1764);
#1477=AXIS2_PLACEMENT_3D('',#2172,#1765,#1766);
#1478=AXIS2_PLACEMENT_3D('',#2176,#1768,#1769);
#1479=AXIS2_PLACEMENT_3D('',#2178,#1771,#1772);
#1480=AXIS2_PLACEMENT_3D('',#2184,#1776,#1777);
#1481=AXIS2_PLACEMENT_3D('',#2187,#1778,#1779);
#1482=AXIS2_PLACEMENT_3D('',#2191,#1781,#1782);
#1483=AXIS2_PLACEMENT_3D('',#2193,#1784,#1785);
#1484=AXIS2_PLACEMENT_3D('',#2204,#1792,#1793);
#1485=AXIS2_PLACEMENT_3D('',#2207,#1794,#1795);
#1486=AXIS2_PLACEMENT_3D('',#2211,#1797,#1798);
#1487=AXIS2_PLACEMENT_3D('',#2213,#1800,#1801);
#1488=AXIS2_PLACEMENT_3D('',#2216,#1804,#1805);
#1489=AXIS2_PLACEMENT_3D('',#2218,#1806,#1807);
#1490=AXIS2_PLACEMENT_3D('',#2221,#1809,#1810);
#1491=AXIS2_PLACEMENT_3D('',#2222,#1811,#1812);
#1492=AXIS2_PLACEMENT_3D('',#2233,#1819,#1820);
#1493=AXIS2_PLACEMENT_3D('',#2237,#1822,#1823);
#1494=AXIS2_PLACEMENT_3D('',#2239,#1825,#1826);
#1495=AXIS2_PLACEMENT_3D('',#2243,#1829,#1830);
#1496=AXIS2_PLACEMENT_3D('',#2247,#1832,#1833);
#1497=AXIS2_PLACEMENT_3D('',#2250,#1835,#1836);
#1498=AXIS2_PLACEMENT_3D('',#2251,#1837,#1838);
#1499=AXIS2_PLACEMENT_3D('',#2252,#1839,#1840);
#1500=AXIS2_PLACEMENT_3D('',#2255,#1843,#1844);
#1501=AXIS2_PLACEMENT_3D('',#2257,#1846,#1847);
#1502=AXIS2_PLACEMENT_3D('',#2258,#1848,#1849);
#1503=AXIS2_PLACEMENT_3D('',#2259,#1850,#1851);
#1504=AXIS2_PLACEMENT_3D('',#2261,#1853,#1854);
#1505=AXIS2_PLACEMENT_3D('',#2263,#1856,#1857);
#1506=AXIS2_PLACEMENT_3D('',#2265,#1859,#1860);
#1507=AXIS2_PLACEMENT_3D('',#2267,#1862,#1863);
#1508=AXIS2_PLACEMENT_3D('',#2273,#1867,#1868);
#1509=AXIS2_PLACEMENT_3D('',#2275,#1870,#1871);
#1510=AXIS2_PLACEMENT_3D('',#2277,#1873,#1874);
#1511=AXIS2_PLACEMENT_3D('',#2278,#1875,#1876);
#1512=AXIS2_PLACEMENT_3D('',#2279,#1877,#1878);
#1513=AXIS2_PLACEMENT_3D('',#2288,#1883,#1884);
#1514=AXIS2_PLACEMENT_3D('',#2290,#1885,#1886);
#1515=AXIS2_PLACEMENT_3D('',#2292,#1887,#1888);
#1516=AXIS2_PLACEMENT_3D('',#2294,#1890,#1891);
#1517=AXIS2_PLACEMENT_3D('',#2300,#1895,#1896);
#1518=AXIS2_PLACEMENT_3D('',#2301,#1897,#1898);
#1519=AXIS2_PLACEMENT_3D('',#2302,#1899,#1900);
#1520=AXIS2_PLACEMENT_3D('',#2303,#1901,#1902);
#1521=AXIS2_PLACEMENT_3D('',#2304,#1903,#1904);
#1522=AXIS2_PLACEMENT_3D('',#2305,#1905,#1906);
#1523=DIRECTION('axis',(0.,0.,1.));
#1524=DIRECTION('refdir',(1.,0.,0.));
#1525=DIRECTION('axis',(0.,0.,1.));
#1526=DIRECTION('refdir',(1.,0.,0.));
#1527=DIRECTION('center_axis',(-1.5217662224968E-16,0.923879532511288,0.382683432365088));
#1528=DIRECTION('ref_axis',(0.,-0.382683432365088,0.923879532511288));
#1529=DIRECTION('',(-0.357406744336592,0.357406744336592,-0.862856209461018));
#1530=DIRECTION('',(1.,1.64714788989896E-16,0.));
#1531=DIRECTION('',(-0.357406744336591,-0.357406744336592,0.862856209461018));
#1532=DIRECTION('',(-1.,-1.64714788989896E-16,0.));
#1533=DIRECTION('center_axis',(1.16470944256466E-16,-0.707106781186547,
0.707106781186548));
#1534=DIRECTION('ref_axis',(-1.,-1.66533453693773E-16,-1.81866470387789E-18));
#1535=DIRECTION('',(-0.577350269189626,-0.577350269189626,-0.577350269189626));
#1536=DIRECTION('',(1.,1.66533453693773E-16,1.81866470387792E-18));
#1537=DIRECTION('',(0.577350269189626,-0.577350269189626,-0.577350269189626));
#1538=DIRECTION('center_axis',(-1.5217662224968E-16,-0.923879532511288,
0.382683432365088));
#1539=DIRECTION('ref_axis',(0.,-0.382683432365088,-0.923879532511288));
#1540=DIRECTION('',(0.357406744336591,-0.357406744336592,-0.862856209461018));
#1541=DIRECTION('',(-1.,1.64714788989896E-16,0.));
#1542=DIRECTION('',(0.357406744336592,0.357406744336592,0.862856209461018));
#1543=DIRECTION('',(1.,-1.64714788989896E-16,0.));
#1544=DIRECTION('center_axis',(-1.16470944256466E-16,-0.707106781186547,
-0.707106781186548));
#1545=DIRECTION('ref_axis',(-1.,1.66533453693773E-16,-1.81866470387789E-18));
#1546=DIRECTION('',(0.577350269189626,0.577350269189626,-0.577350269189626));
#1547=DIRECTION('',(1.,-1.66533453693773E-16,1.81866470387792E-18));
#1548=DIRECTION('',(-0.577350269189626,0.577350269189626,-0.577350269189626));
#1549=DIRECTION('center_axis',(-0.707106781186548,-0.707106781186547,2.73480190124846E-16));
#1550=DIRECTION('ref_axis',(2.20225940221153E-16,1.66533453693776E-16,1.));
#1551=DIRECTION('',(-0.577350269189625,0.577350269189626,0.577350269189626));
#1552=DIRECTION('',(-3.86759393914929E-16,0.,-1.));
#1553=DIRECTION('',(-0.707106781186547,0.707106781186548,0.));
#1554=DIRECTION('center_axis',(-1.190429245461E-16,-0.707106781186548,0.707106781186547));
#1555=DIRECTION('ref_axis',(1.,-1.66533453693773E-16,1.81866470387789E-18));
#1556=DIRECTION('',(0.577350269189626,0.577350269189626,0.577350269189626));
#1557=DIRECTION('',(-1.,0.,-1.68352118397651E-16));
#1558=DIRECTION('center_axis',(0.707106781186547,-0.707106781186548,1.19042924546102E-16));
#1559=DIRECTION('ref_axis',(1.81866470387786E-18,-1.66533453693776E-16,
-1.));
#1560=DIRECTION('',(-0.707106781186548,-0.707106781186547,0.));
#1561=DIRECTION('',(-1.68352118397654E-16,0.,1.));
#1562=DIRECTION('center_axis',(0.707106781186548,-0.707106781186547,-2.73480190124846E-16));
#1563=DIRECTION('ref_axis',(2.20225940221153E-16,-1.66533453693776E-16,
1.));
#1564=DIRECTION('',(3.86759393914929E-16,0.,1.));
#1565=DIRECTION('',(-0.577350269189625,-0.577350269189626,0.577350269189626));
#1566=DIRECTION('',(0.707106781186547,0.707106781186548,0.));
#1567=DIRECTION('center_axis',(1.190429245461E-16,-0.707106781186548,-0.707106781186547));
#1568=DIRECTION('ref_axis',(1.,1.66533453693773E-16,1.81866470387789E-18));
#1569=DIRECTION('',(0.577350269189626,-0.577350269189626,0.577350269189626));
#1570=DIRECTION('',(1.,0.,1.68352118397651E-16));
#1571=DIRECTION('center_axis',(-0.707106781186547,-0.707106781186548,-1.19042924546102E-16));
#1572=DIRECTION('ref_axis',(1.81866470387786E-18,1.66533453693776E-16,-1.));
#1573=DIRECTION('',(1.68352118397654E-16,0.,-1.));
#1574=DIRECTION('',(0.707106781186548,-0.707106781186547,0.));
#1575=DIRECTION('center_axis',(0.,1.,0.));
#1576=DIRECTION('ref_axis',(-1.,0.,0.));
#1577=DIRECTION('',(-1.,0.,0.));
#1578=DIRECTION('',(0.,0.,1.));
#1579=DIRECTION('',(1.,0.,0.));
#1580=DIRECTION('',(0.,0.,1.));
#1581=DIRECTION('',(-1.,0.,0.));
#1582=DIRECTION('center_axis',(-1.,0.,0.));
#1583=DIRECTION('ref_axis',(0.,-1.,0.));
#1584=DIRECTION('',(0.,1.,0.));
#1585=DIRECTION('',(0.,0.,1.));
#1586=DIRECTION('',(0.,-1.,0.));
#1587=DIRECTION('center_axis',(1.,4.49482999141947E-17,0.));
#1588=DIRECTION('ref_axis',(-4.49482999141947E-17,1.,0.));
#1589=DIRECTION('',(4.49482999141947E-17,-1.,0.));
#1590=DIRECTION('',(-4.49482999141947E-17,1.,0.));
#1591=DIRECTION('',(0.,0.,1.));
#1592=DIRECTION('center_axis',(0.,-1.,0.));
#1593=DIRECTION('ref_axis',(1.,0.,0.));
#1594=DIRECTION('',(1.,0.,0.));
#1595=DIRECTION('',(-1.,0.,0.));
#1596=DIRECTION('',(1.,0.,0.));
#1597=DIRECTION('center_axis',(0.,0.,1.));
#1598=DIRECTION('ref_axis',(1.,0.,0.));
#1599=DIRECTION('center_axis',(-1.,0.,0.));
#1600=DIRECTION('ref_axis',(0.,-1.,0.));
#1601=DIRECTION('',(0.,-1.,0.));
#1602=DIRECTION('',(0.,0.,1.));
#1603=DIRECTION('',(0.,-1.,0.));
#1604=DIRECTION('',(0.,0.,1.));
#1605=DIRECTION('center_axis',(0.,0.,1.));
#1606=DIRECTION('ref_axis',(2.22044604925032E-15,1.,0.));
#1607=DIRECTION('center_axis',(0.,0.,1.));
#1608=DIRECTION('ref_axis',(2.22044604925032E-15,1.,0.));
#1609=DIRECTION('center_axis',(0.,0.,1.));
#1610=DIRECTION('ref_axis',(2.22044604925032E-15,1.,0.));
#1611=DIRECTION('',(0.,0.,1.));
#1612=DIRECTION('center_axis',(-1.30614473485313E-16,1.,0.));
#1613=DIRECTION('ref_axis',(-1.,-1.30614473485313E-16,0.));
#1614=DIRECTION('',(-1.,-1.30614473485313E-16,0.));
#1615=DIRECTION('',(-1.,-1.30614473485313E-16,0.));
#1616=DIRECTION('',(0.,0.,1.));
#1617=DIRECTION('center_axis',(0.,0.,1.));
#1618=DIRECTION('ref_axis',(1.,1.48029736616687E-15,0.));
#1619=DIRECTION('center_axis',(0.,0.,1.));
#1620=DIRECTION('ref_axis',(1.,1.48029736616687E-15,0.));
#1621=DIRECTION('center_axis',(0.,0.,1.));
#1622=DIRECTION('ref_axis',(1.,1.48029736616687E-15,0.));
#1623=DIRECTION('',(0.,0.,1.));
#1624=DIRECTION('center_axis',(1.,0.,0.));
#1625=DIRECTION('ref_axis',(0.,1.,0.));
#1626=DIRECTION('',(0.,1.,0.));
#1627=DIRECTION('',(0.,1.,0.));
#1628=DIRECTION('',(0.,0.,1.));
#1629=DIRECTION('center_axis',(0.,0.,1.));
#1630=DIRECTION('ref_axis',(-2.22044604925032E-15,-1.,0.));
#1631=DIRECTION('center_axis',(0.,0.,1.));
#1632=DIRECTION('ref_axis',(-2.22044604925032E-15,-1.,0.));
#1633=DIRECTION('center_axis',(0.,0.,1.));
#1634=DIRECTION('ref_axis',(-2.22044604925032E-15,-1.,0.));
#1635=DIRECTION('',(0.,0.,1.));
#1636=DIRECTION('center_axis',(1.30614473485313E-16,-1.,0.));
#1637=DIRECTION('ref_axis',(1.,1.30614473485313E-16,0.));
#1638=DIRECTION('',(1.,1.30614473485313E-16,0.));
#1639=DIRECTION('',(1.,1.30614473485313E-16,0.));
#1640=DIRECTION('',(0.,0.,1.));
#1641=DIRECTION('center_axis',(0.,0.,1.));
#1642=DIRECTION('ref_axis',(-1.,0.,0.));
#1643=DIRECTION('center_axis',(0.,0.,1.));
#1644=DIRECTION('ref_axis',(-1.,0.,0.));
#1645=DIRECTION('center_axis',(0.,0.,1.));
#1646=DIRECTION('ref_axis',(-1.,0.,0.));
#1647=DIRECTION('center_axis',(0.,0.,1.));
#1648=DIRECTION('ref_axis',(-1.,0.,0.));
#1649=DIRECTION('center_axis',(0.,0.,1.));
#1650=DIRECTION('ref_axis',(-1.,0.,0.));
#1651=DIRECTION('center_axis',(0.,-0.707106781186548,0.707106781186548));
#1652=DIRECTION('ref_axis',(1.,0.,0.));
#1653=DIRECTION('',(0.577350269189626,0.577350269189626,0.577350269189626));
#1654=DIRECTION('',(-1.,0.,0.));
#1655=DIRECTION('',(-0.577350269189626,0.577350269189626,0.577350269189626));
#1656=DIRECTION('',(1.,0.,0.));
#1657=DIRECTION('center_axis',(0.707106781186548,-0.707106781186548,0.));
#1658=DIRECTION('ref_axis',(0.,0.,-1.));
#1659=DIRECTION('',(0.,0.,-1.));
#1660=DIRECTION('',(0.577350269189626,0.577350269189626,-0.577350269189626));
#1661=DIRECTION('center_axis',(0.,-0.707106781186548,-0.707106781186548));
#1662=DIRECTION('ref_axis',(-1.,0.,0.));
#1663=DIRECTION('',(-0.577350269189626,0.577350269189626,-0.577350269189626));
#1664=DIRECTION('',(-1.,0.,0.));
#1665=DIRECTION('center_axis',(-0.707106781186548,-0.707106781186548,-1.57009245868378E-16));
#1666=DIRECTION('ref_axis',(-2.22044604925031E-16,0.,1.));
#1667=DIRECTION('',(-2.22044604925031E-16,0.,1.));
#1668=DIRECTION('center_axis',(0.,1.,0.));
#1669=DIRECTION('ref_axis',(-1.,0.,0.));
#1670=DIRECTION('',(-1.,0.,0.));
#1671=DIRECTION('',(0.,0.,1.));
#1672=DIRECTION('',(-1.,0.,0.));
#1673=DIRECTION('',(0.,0.,1.));
#1674=DIRECTION('',(-1.,0.,0.));
#1675=DIRECTION('',(0.,0.,1.));
#1676=DIRECTION('center_axis',(0.,1.,0.));
#1677=DIRECTION('ref_axis',(0.707106781186547,0.,0.707106781186547));
#1678=DIRECTION('',(-1.,0.,0.));
#1679=DIRECTION('center_axis',(0.,1.,0.));
#1680=DIRECTION('ref_axis',(-0.707106781186547,0.,0.707106781186547));
#1681=DIRECTION('',(0.,0.,-1.));
#1682=DIRECTION('center_axis',(0.,1.,0.));
#1683=DIRECTION('ref_axis',(-0.707106781186547,0.,-0.707106781186547));
#1684=DIRECTION('',(1.,0.,0.));
#1685=DIRECTION('center_axis',(0.,1.,0.));
#1686=DIRECTION('ref_axis',(0.707106781186547,0.,-0.707106781186547));
#1687=DIRECTION('center_axis',(0.,0.,1.));
#1688=DIRECTION('ref_axis',(1.,0.,0.));
#1689=DIRECTION('',(1.,0.,0.));
#1690=DIRECTION('center_axis',(0.,0.,-1.));
#1691=DIRECTION('ref_axis',(0.707106781186546,-0.707106781186549,0.));
#1692=DIRECTION('',(0.,1.,0.));
#1693=DIRECTION('center_axis',(0.,0.,-1.));
#1694=DIRECTION('ref_axis',(0.707106781186546,0.707106781186549,0.));
#1695=DIRECTION('',(-1.,0.,0.));
#1696=DIRECTION('center_axis',(0.,0.,-1.));
#1697=DIRECTION('ref_axis',(-0.707106781186546,0.707106781186549,0.));
#1698=DIRECTION('',(0.,-1.,0.));
#1699=DIRECTION('center_axis',(0.,0.,-1.));
#1700=DIRECTION('ref_axis',(-0.707106781186546,-0.707106781186549,0.));
#1701=DIRECTION('',(0.,1.,0.));
#1702=DIRECTION('',(1.,0.,0.));
#1703=DIRECTION('',(1.,0.,0.));
#1704=DIRECTION('',(1.,0.,0.));
#1705=DIRECTION('',(0.,-1.,0.));
#1706=DIRECTION('center_axis',(0.,-1.,0.));
#1707=DIRECTION('ref_axis',(1.,0.,0.));
#1708=DIRECTION('',(0.,0.,1.));
#1709=DIRECTION('',(-1.,0.,0.));
#1710=DIRECTION('',(0.,0.,-1.));
#1711=DIRECTION('',(0.,0.,-1.));
#1712=DIRECTION('center_axis',(0.,-1.,0.));
#1713=DIRECTION('ref_axis',(0.707106781186547,0.,-0.707106781186547));
#1714=DIRECTION('',(-1.,0.,0.));
#1715=DIRECTION('center_axis',(0.,-1.,0.));
#1716=DIRECTION('ref_axis',(-0.707106781186547,0.,-0.707106781186547));
#1717=DIRECTION('',(0.,0.,1.));
#1718=DIRECTION('center_axis',(0.,-1.,0.));
#1719=DIRECTION('ref_axis',(-0.707106781186547,0.,0.707106781186547));
#1720=DIRECTION('',(1.,0.,0.));
#1721=DIRECTION('center_axis',(0.,-1.,0.));
#1722=DIRECTION('ref_axis',(0.707106781186547,0.,0.707106781186547));
#1723=DIRECTION('center_axis',(0.,-0.707106781186548,-0.707106781186548));
#1724=DIRECTION('ref_axis',(1.,0.,0.));
#1725=DIRECTION('',(0.577350269189626,-0.577350269189626,0.577350269189626));
#1726=DIRECTION('',(-1.,0.,0.));
#1727=DIRECTION('',(-0.577350269189626,-0.577350269189626,0.577350269189626));
#1728=DIRECTION('',(-1.,0.,0.));
#1729=DIRECTION('center_axis',(-0.707106781186548,-0.707106781186548,0.));
#1730=DIRECTION('ref_axis',(0.,0.,-1.));
#1731=DIRECTION('',(0.577350269189626,-0.577350269189626,-0.577350269189626));
#1732=DIRECTION('',(0.,0.,1.));
#1733=DIRECTION('center_axis',(0.,-0.707106781186548,0.707106781186548));
#1734=DIRECTION('ref_axis',(-1.,0.,0.));
#1735=DIRECTION('',(-0.577350269189626,-0.577350269189626,-0.577350269189626));
#1736=DIRECTION('center_axis',(0.707106781186548,-0.707106781186548,1.57009245868378E-16));
#1737=DIRECTION('ref_axis',(-2.22044604925031E-16,0.,1.));
#1738=DIRECTION('',(2.22044604925031E-16,0.,-1.));
#1739=DIRECTION('center_axis',(0.,1.,0.));
#1740=DIRECTION('ref_axis',(-0.707106781186547,0.,-0.707106781186547));
#1741=DIRECTION('',(0.,1.,0.));
#1742=DIRECTION('',(0.,-1.,0.));
#1743=DIRECTION('center_axis',(0.,0.,-1.));
#1744=DIRECTION('ref_axis',(-1.,0.,0.));
#1745=DIRECTION('',(0.,-1.,0.));
#1746=DIRECTION('center_axis',(0.,1.,0.));
#1747=DIRECTION('ref_axis',(0.707106781186547,0.,-0.707106781186547));
#1748=DIRECTION('',(0.,1.,0.));
#1749=DIRECTION('center_axis',(1.,0.,0.));
#1750=DIRECTION('ref_axis',(0.,0.,-1.));
#1751=DIRECTION('',(0.,-1.,0.));
#1752=DIRECTION('center_axis',(0.,1.,0.));
#1753=DIRECTION('ref_axis',(-0.707106781186547,0.,0.707106781186547));
#1754=DIRECTION('',(0.,1.,0.));
#1755=DIRECTION('',(0.,-1.,0.));
#1756=DIRECTION('center_axis',(-1.,0.,0.));
#1757=DIRECTION('ref_axis',(0.,0.,1.));
#1758=DIRECTION('center_axis',(0.,1.,0.));
#1759=DIRECTION('ref_axis',(0.707106781186547,0.,0.707106781186547));
#1760=DIRECTION('',(0.,1.,0.));
#1761=DIRECTION('center_axis',(0.,0.,1.));
#1762=DIRECTION('ref_axis',(1.,0.,0.));
#1763=DIRECTION('center_axis',(0.,0.,-1.));
#1764=DIRECTION('ref_axis',(-0.707106781186547,-0.707106781186547,0.));
#1765=DIRECTION('center_axis',(0.,0.,1.));
#1766=DIRECTION('ref_axis',(-0.707106781186547,-0.707106781186547,0.));
#1767=DIRECTION('',(0.,0.,-1.));
#1768=DIRECTION('center_axis',(0.,0.,-1.));
#1769=DIRECTION('ref_axis',(-0.707106781186547,-0.707106781186547,0.));
#1770=DIRECTION('',(0.,0.,1.));
#1771=DIRECTION('center_axis',(0.,1.,0.));
#1772=DIRECTION('ref_axis',(-1.,0.,0.));
#1773=DIRECTION('',(-1.,0.,0.));
#1774=DIRECTION('',(0.,0.,1.));
#1775=DIRECTION('',(1.,0.,0.));
#1776=DIRECTION('center_axis',(0.,0.,1.));
#1777=DIRECTION('ref_axis',(-0.707106781186547,0.707106781186548,0.));
#1778=DIRECTION('center_axis',(0.,0.,1.));
#1779=DIRECTION('ref_axis',(-0.707106781186547,0.707106781186548,0.));
#1780=DIRECTION('',(0.,0.,-1.));
#1781=DIRECTION('center_axis',(0.,0.,-1.));
#1782=DIRECTION('ref_axis',(-0.707106781186547,0.707106781186548,0.));
#1783=DIRECTION('',(0.,0.,1.));
#1784=DIRECTION('center_axis',(1.,0.,0.));
#1785=DIRECTION('ref_axis',(0.,1.,0.));
#1786=DIRECTION('',(0.,1.,0.));
#1787=DIRECTION('',(0.,1.,0.));
#1788=DIRECTION('',(0.,0.,1.));
#1789=DIRECTION('',(0.,1.,0.));
#1790=DIRECTION('',(0.,0.,1.));
#1791=DIRECTION('',(0.,1.,0.));
#1792=DIRECTION('center_axis',(0.,0.,-1.));
#1793=DIRECTION('ref_axis',(0.707106781186548,0.707106781186547,0.));
#1794=DIRECTION('center_axis',(0.,0.,1.));
#1795=DIRECTION('ref_axis',(0.707106781186548,0.707106781186547,0.));
#1796=DIRECTION('',(0.,0.,-1.));
#1797=DIRECTION('center_axis',(0.,0.,-1.));
#1798=DIRECTION('ref_axis',(0.707106781186548,0.707106781186547,0.));
#1799=DIRECTION('',(0.,0.,1.));
#1800=DIRECTION('center_axis',(-2.089831575765E-15,-1.,0.));
#1801=DIRECTION('ref_axis',(1.,-2.089831575765E-15,0.));
#1802=DIRECTION('',(-1.,2.089831575765E-15,0.));
#1803=DIRECTION('',(1.,-2.089831575765E-15,0.));
#1804=DIRECTION('center_axis',(0.,0.,1.));
#1805=DIRECTION('ref_axis',(0.707106781186547,-0.707106781186547,0.));
#1806=DIRECTION('center_axis',(0.,0.,1.));
#1807=DIRECTION('ref_axis',(0.707106781186547,-0.707106781186547,0.));
#1808=DIRECTION('',(0.,0.,-1.));
#1809=DIRECTION('center_axis',(0.,0.,-1.));
#1810=DIRECTION('ref_axis',(0.707106781186547,-0.707106781186547,0.));
#1811=DIRECTION('center_axis',(-1.,0.,0.));
#1812=DIRECTION('ref_axis',(0.,-1.,0.));
#1813=DIRECTION('',(0.,-1.,0.));
#1814=DIRECTION('',(0.,-1.,0.));
#1815=DIRECTION('',(0.,0.,1.));
#1816=DIRECTION('',(0.,-1.,0.));
#1817=DIRECTION('',(0.,0.,1.));
#1818=DIRECTION('',(0.,-1.,0.));
#1819=DIRECTION('center_axis',(0.,0.,1.));
#1820=DIRECTION('ref_axis',(-0.707106781186546,0.707106781186549,0.));
#1821=DIRECTION('',(0.,0.,-1.));
#1822=DIRECTION('center_axis',(0.,0.,1.));
#1823=DIRECTION('ref_axis',(-0.707106781186546,0.707106781186549,0.));
#1824=DIRECTION('',(0.,0.,1.));
#1825=DIRECTION('center_axis',(-1.,0.,0.));
#1826=DIRECTION('ref_axis',(0.,-1.,0.));
#1827=DIRECTION('',(0.,1.,0.));
#1828=DIRECTION('',(0.,0.,-1.));
#1829=DIRECTION('center_axis',(0.,0.,1.));
#1830=DIRECTION('ref_axis',(1.,0.,0.));
#1831=DIRECTION('',(1.,0.,0.));
#1832=DIRECTION('center_axis',(0.,0.,1.));
#1833=DIRECTION('ref_axis',(0.707106781186546,0.707106781186549,0.));
#1834=DIRECTION('',(0.,-1.,0.));
#1835=DIRECTION('center_axis',(0.,0.,1.));
#1836=DIRECTION('ref_axis',(0.707106781186546,-0.707106781186549,0.));
#1837=DIRECTION('center_axis',(0.,0.,1.));
#1838=DIRECTION('ref_axis',(-0.707106781186546,-0.707106781186549,0.));
#1839=DIRECTION('center_axis',(0.,0.,1.));
#1840=DIRECTION('ref_axis',(0.707106781186546,0.707106781186549,0.));
#1841=DIRECTION('',(0.,0.,-1.));
#1842=DIRECTION('',(0.,0.,1.));
#1843=DIRECTION('center_axis',(1.,0.,0.));
#1844=DIRECTION('ref_axis',(0.,1.,0.));
#1845=DIRECTION('',(0.,0.,1.));
#1846=DIRECTION('center_axis',(0.,0.,1.));
#1847=DIRECTION('ref_axis',(0.707106781186546,-0.707106781186549,0.));
#1848=DIRECTION('center_axis',(0.,0.,1.));
#1849=DIRECTION('ref_axis',(-0.707106781186546,-0.707106781186549,0.));
#1850=DIRECTION('center_axis',(0.,0.,1.));
#1851=DIRECTION('ref_axis',(1.,0.,0.));
#1852=DIRECTION('',(-1.,0.,0.));
#1853=DIRECTION('center_axis',(0.,0.,1.));
#1854=DIRECTION('ref_axis',(1.,0.,0.));
#1855=DIRECTION('',(1.,0.,0.));
#1856=DIRECTION('center_axis',(0.,-1.,0.));
#1857=DIRECTION('ref_axis',(1.,0.,0.));
#1858=DIRECTION('',(1.,0.,0.));
#1859=DIRECTION('center_axis',(0.,1.,0.));
#1860=DIRECTION('ref_axis',(-1.,0.,0.));
#1861=DIRECTION('',(-1.,0.,0.));
#1862=DIRECTION('center_axis',(0.,0.,1.));
#1863=DIRECTION('ref_axis',(1.,0.,0.));
#1864=DIRECTION('',(1.,0.,0.));
#1865=DIRECTION('',(0.,1.,0.));
#1866=DIRECTION('',(0.,-1.,0.));
#1867=DIRECTION('center_axis',(1.,0.,0.));
#1868=DIRECTION('ref_axis',(0.,1.,0.));
#1869=DIRECTION('',(0.,0.,1.));
#1870=DIRECTION('center_axis',(-1.,0.,0.));
#1871=DIRECTION('ref_axis',(0.,-1.,0.));
#1872=DIRECTION('',(0.,0.,1.));
#1873=DIRECTION('center_axis',(0.,-1.,0.));
#1874=DIRECTION('ref_axis',(1.,0.,0.));
#1875=DIRECTION('center_axis',(0.,1.,0.));
#1876=DIRECTION('ref_axis',(-1.,0.,0.));
#1877=DIRECTION('center_axis',(0.,-1.,0.));
#1878=DIRECTION('ref_axis',(1.,0.,0.));
#1879=DIRECTION('',(1.,0.,0.));
#1880=DIRECTION('',(0.,0.,1.));
#1881=DIRECTION('',(1.,0.,0.));
#1882=DIRECTION('',(0.,0.,1.));
#1883=DIRECTION('center_axis',(0.,0.,1.));
#1884=DIRECTION('ref_axis',(1.,0.,0.));
#1885=DIRECTION('center_axis',(0.,0.,1.));
#1886=DIRECTION('ref_axis',(1.,0.,0.));
#1887=DIRECTION('center_axis',(0.,0.,-1.));
#1888=DIRECTION('ref_axis',(1.,0.,0.));
#1889=DIRECTION('',(0.,0.,1.));
#1890=DIRECTION('center_axis',(0.,-1.,0.));
#1891=DIRECTION('ref_axis',(1.,0.,0.));
#1892=DIRECTION('',(1.,0.,0.));
#1893=DIRECTION('',(1.,0.,0.));
#1894=DIRECTION('',(0.,0.,1.));
#1895=DIRECTION('center_axis',(0.,0.,1.));
#1896=DIRECTION('ref_axis',(1.,0.,0.));
#1897=DIRECTION('center_axis',(0.,0.,1.));
#1898=DIRECTION('ref_axis',(1.,0.,0.));
#1899=DIRECTION('center_axis',(0.,0.,1.));
#1900=DIRECTION('ref_axis',(1.,0.,0.));
#1901=DIRECTION('center_axis',(0.,0.,1.));
#1902=DIRECTION('ref_axis',(1.,0.,0.));
#1903=DIRECTION('center_axis',(0.,0.,1.));
#1904=DIRECTION('ref_axis',(1.,0.,0.));
#1905=DIRECTION('',(-1.8186647038786E-18,-5.02451231258619E-15,-1.));
#1906=DIRECTION('',(1.,-1.11022302462516E-16,-1.32367130539242E-31));
#1907=CARTESIAN_POINT('',(0.,0.,0.));
#1908=CARTESIAN_POINT('',(0.,0.,0.));
#1909=CARTESIAN_POINT('Origin',(-3.10886439312299,24.2732236772324,26.3232233047034));
#1910=CARTESIAN_POINT('',(-5.71772878624597,24.200000372529,26.5));
#1911=CARTESIAN_POINT('',(-5.8641753956527,24.3464469819358,26.1464466094067));
#1912=CARTESIAN_POINT('',(-6.40632325437932,24.8885948406624,24.8375858960574));
#1913=CARTESIAN_POINT('',(5.28227121375404,24.200000372529,26.5));
#1914=CARTESIAN_POINT('',(-3.10886439312299,24.200000372529,26.5));
#1915=CARTESIAN_POINT('',(5.42871782316077,24.3464469819358,26.1464466094067));
#1916=CARTESIAN_POINT('',(4.84213582658964,23.7598649853646,27.5625808209726));
#1917=CARTESIAN_POINT('',(-3.10886439312299,24.3464469819358,26.1464466094067));
#1918=CARTESIAN_POINT('Origin',(-6.21772878624597,24.700000372529,26.5));
#1919=CARTESIAN_POINT('',(3.31975343922749,22.2374825980025,24.0374822254734));
#1920=CARTESIAN_POINT('',(3.78227121375404,22.700000372529,24.5));
#1921=CARTESIAN_POINT('',(-3.75521101171941,22.2374825980025,24.0374822254734));
#1922=CARTESIAN_POINT('',(-0.217728786245966,22.2374825980025,24.0374822254734));
#1923=CARTESIAN_POINT('',(-5.39688952807045,23.8791611143535,25.6791607418245));
#1924=CARTESIAN_POINT('Origin',(-3.10886439312299,-24.2732236772324,26.3232233047034));
#1925=CARTESIAN_POINT('',(5.28227121375404,-24.200000372529,26.5));
#1926=CARTESIAN_POINT('',(5.42871782316077,-24.3464469819358,26.1464466094067));
#1927=CARTESIAN_POINT('',(4.84213582658964,-23.7598649853646,27.5625808209726));
#1928=CARTESIAN_POINT('',(-5.71772878624597,-24.200000372529,26.5));
#1929=CARTESIAN_POINT('',(-3.10886439312299,-24.200000372529,26.5));
#1930=CARTESIAN_POINT('',(-5.8641753956527,-24.3464469819358,26.1464466094067));
#1931=CARTESIAN_POINT('',(-6.40632325437933,-24.8885948406624,24.8375858960574));
#1932=CARTESIAN_POINT('',(-3.10886439312299,-24.3464469819358,26.1464466094067));
#1933=CARTESIAN_POINT('Origin',(-6.21772878624597,-24.700000372529,26.5));
#1934=CARTESIAN_POINT('',(-3.75521101171941,-22.2374825980025,24.0374822254734));
#1935=CARTESIAN_POINT('',(-5.39688952807045,-23.8791611143535,25.6791607418245));
#1936=CARTESIAN_POINT('',(3.31975343922749,-22.2374825980025,24.0374822254734));
#1937=CARTESIAN_POINT('',(-0.217728786245966,-22.2374825980025,24.0374822254734));
#1938=CARTESIAN_POINT('',(3.78227121375404,-22.700000372529,24.5));
#1939=CARTESIAN_POINT('Origin',(5.78227121375404,-24.700000372529,26.5));
#1940=CARTESIAN_POINT('',(5.78227121375403,-24.700000372529,21.5749644509469));
#1941=CARTESIAN_POINT('',(4.96143195557852,-23.8791611143535,22.3958037091224));
#1942=CARTESIAN_POINT('',(5.78227121375404,-24.700000372529,26.5));
#1943=CARTESIAN_POINT('',(5.78227121375404,-24.700000372529,24.));
#1944=CARTESIAN_POINT('',(-1.83829668281673,-17.0794324759583,26.5));
#1945=CARTESIAN_POINT('Origin',(5.78227121375403,-24.700000372529,21.5749644509469));
#1946=CARTESIAN_POINT('',(-6.21772878624597,-24.700000372529,21.5749644509469));
#1947=CARTESIAN_POINT('',(-4.21772878624597,-22.700000372529,23.5749644509469));
#1948=CARTESIAN_POINT('',(-6.45886453468401,-24.700000372529,21.5749644509469));
#1949=CARTESIAN_POINT('Origin',(-6.21772878624597,-24.700000372529,21.5749644509469));
#1950=CARTESIAN_POINT('',(-6.21772878624597,-24.700000372529,26.5));
#1951=CARTESIAN_POINT('',(1.51170350344778,-16.9705680828353,26.5));
#1952=CARTESIAN_POINT('',(-6.21772878624597,-24.700000372529,21.5374822254734));
#1953=CARTESIAN_POINT('Origin',(5.78227121375404,24.700000372529,26.5));
#1954=CARTESIAN_POINT('',(5.78227121375403,24.700000372529,21.5749644509469));
#1955=CARTESIAN_POINT('',(5.78227121375404,24.700000372529,26.5));
#1956=CARTESIAN_POINT('',(5.78227121375404,24.700000372529,24.));
#1957=CARTESIAN_POINT('',(4.96143195557852,23.8791611143535,22.3958037091224));
#1958=CARTESIAN_POINT('',(-1.83829668281673,17.0794324759583,26.5));
#1959=CARTESIAN_POINT('Origin',(5.78227121375403,24.700000372529,21.5749644509469));
#1960=CARTESIAN_POINT('',(-6.21772878624597,24.700000372529,21.5749644509469));
#1961=CARTESIAN_POINT('',(-4.21772878624597,22.700000372529,23.5749644509469));
#1962=CARTESIAN_POINT('',(12.241135748438,24.700000372529,21.5749644509469));
#1963=CARTESIAN_POINT('Origin',(-6.21772878624597,24.700000372529,21.5749644509469));
#1964=CARTESIAN_POINT('',(-6.21772878624597,24.700000372529,26.5));
#1965=CARTESIAN_POINT('',(-6.21772878624598,24.700000372529,21.5374822254734));
#1966=CARTESIAN_POINT('',(1.51170350344778,16.9705680828353,26.5));
#1967=CARTESIAN_POINT('Origin',(18.7000002831221,24.700000372529,21.5));
#1968=CARTESIAN_POINT('',(18.7000002831221,24.700000372529,26.5));
#1969=CARTESIAN_POINT('',(6.,24.700000372529,26.5));
#1970=CARTESIAN_POINT('',(18.7000002831221,24.700000372529,21.5));
#1971=CARTESIAN_POINT('',(18.7000002831221,24.700000372529,21.5));
#1972=CARTESIAN_POINT('',(-18.7000002831221,24.700000372529,21.5));
#1973=CARTESIAN_POINT('',(9.35000014156103,24.700000372529,21.5));
#1974=CARTESIAN_POINT('',(-18.7000002831221,24.700000372529,26.5));
#1975=CARTESIAN_POINT('',(-18.7000002831221,24.700000372529,21.5));
#1976=CARTESIAN_POINT('',(6.,24.700000372529,26.5));
#1977=CARTESIAN_POINT('Origin',(-18.7000002831221,24.700000372529,21.5));
#1978=CARTESIAN_POINT('',(-18.7000002831221,-24.700000372529,21.5));
#1979=CARTESIAN_POINT('',(-18.7000002831221,12.3500001862645,21.5));
#1980=CARTESIAN_POINT('',(-18.7000002831221,-24.700000372529,26.5));
#1981=CARTESIAN_POINT('',(-18.7000002831221,-24.700000372529,21.5));
#1982=CARTESIAN_POINT('',(-18.7000002831221,-24.700000372529,26.5));
#1983=CARTESIAN_POINT('Origin',(18.7000002831221,-24.700000372529,21.5));
#1984=CARTESIAN_POINT('',(18.7000002831221,-24.700000372529,21.5));
#1985=CARTESIAN_POINT('',(18.7000002831221,-12.3500001862645,21.5));
#1986=CARTESIAN_POINT('',(18.7000002831221,-24.700000372529,26.5));
#1987=CARTESIAN_POINT('',(18.7000002831221,24.700000372529,26.5));
#1988=CARTESIAN_POINT('',(18.7000002831221,-24.700000372529,21.5));
#1989=CARTESIAN_POINT('Origin',(-18.7000002831221,-24.700000372529,21.5));
#1990=CARTESIAN_POINT('',(-6.,-24.700000372529,26.5));
#1991=CARTESIAN_POINT('',(-9.35000014156103,-24.700000372529,21.5));
#1992=CARTESIAN_POINT('',(-6.,-24.700000372529,26.5));
#1993=CARTESIAN_POINT('Origin',(0.,0.,26.5));
#1994=CARTESIAN_POINT('Origin',(-20.,23.,20.));
#1995=CARTESIAN_POINT('',(-20.,23.,20.));
#1996=CARTESIAN_POINT('',(-20.,-23.,20.));
#1997=CARTESIAN_POINT('',(-20.,23.,20.));
#1998=CARTESIAN_POINT('',(-20.,-23.,21.5));
#1999=CARTESIAN_POINT('',(-20.,-23.,20.));
#2000=CARTESIAN_POINT('',(-20.,23.,21.5));
#2001=CARTESIAN_POINT('',(-20.,23.,21.5));
#2002=CARTESIAN_POINT('',(-20.,23.,20.));
#2003=CARTESIAN_POINT('Origin',(-17.,23.,20.));
#2004=CARTESIAN_POINT('',(-17.,26.,20.));
#2005=CARTESIAN_POINT('Origin',(-17.,23.,20.));
#2006=CARTESIAN_POINT('',(-17.,26.,21.5));
#2007=CARTESIAN_POINT('Origin',(-17.,23.,21.5));
#2008=CARTESIAN_POINT('',(-17.,26.,20.));
#2009=CARTESIAN_POINT('Origin',(17.,26.,20.));
#2010=CARTESIAN_POINT('',(17.,26.,20.));
#2011=CARTESIAN_POINT('',(17.,26.,20.));
#2012=CARTESIAN_POINT('',(17.,26.,21.5));
#2013=CARTESIAN_POINT('',(17.,26.,21.5));
#2014=CARTESIAN_POINT('',(17.,26.,20.));
#2015=CARTESIAN_POINT('Origin',(17.,23.,20.));
#2016=CARTESIAN_POINT('',(20.,23.,20.));
#2017=CARTESIAN_POINT('Origin',(17.,23.,20.));
#2018=CARTESIAN_POINT('',(20.,23.,21.5));
#2019=CARTESIAN_POINT('Origin',(17.,23.,21.5));
#2020=CARTESIAN_POINT('',(20.,23.,20.));
#2021=CARTESIAN_POINT('Origin',(20.,-23.,20.));
#2022=CARTESIAN_POINT('',(20.,-23.,20.));
#2023=CARTESIAN_POINT('',(20.,-23.,20.));
#2024=CARTESIAN_POINT('',(20.,-23.,21.5));
#2025=CARTESIAN_POINT('',(20.,-23.,21.5));
#2026=CARTESIAN_POINT('',(20.,-23.,20.));
#2027=CARTESIAN_POINT('Origin',(17.,-23.,20.));
#2028=CARTESIAN_POINT('',(17.,-26.,20.));
#2029=CARTESIAN_POINT('Origin',(17.,-23.,20.));
#2030=CARTESIAN_POINT('',(17.,-26.,21.5));
#2031=CARTESIAN_POINT('Origin',(17.,-23.,21.5));
#2032=CARTESIAN_POINT('',(17.,-26.,20.));
#2033=CARTESIAN_POINT('Origin',(-17.,-26.,20.));
#2034=CARTESIAN_POINT('',(-17.,-26.,20.));
#2035=CARTESIAN_POINT('',(-17.,-26.,20.));
#2036=CARTESIAN_POINT('',(-17.,-26.,21.5));
#2037=CARTESIAN_POINT('',(-17.,-26.,21.5));
#2038=CARTESIAN_POINT('',(-17.,-26.,20.));
#2039=CARTESIAN_POINT('Origin',(-17.,-23.,20.));
#2040=CARTESIAN_POINT('Origin',(-17.,-23.,20.));
#2041=CARTESIAN_POINT('Origin',(-17.,-23.,21.5));
#2042=CARTESIAN_POINT('Origin',(0.,0.,21.5));
#2043=CARTESIAN_POINT('Origin',(0.,0.,20.));
#2044=CARTESIAN_POINT('Origin',(6.,-25.000000372529,15.0000002831221));
#2045=CARTESIAN_POINT('',(-6.,-25.000000372529,15.0000002831221));
#2046=CARTESIAN_POINT('',(-3.5,-22.500000372529,17.5000002831221));
#2047=CARTESIAN_POINT('',(-4.,-23.000000372529,17.0000002831221));
#2048=CARTESIAN_POINT('',(3.5,-22.500000372529,17.5000002831221));
#2049=CARTESIAN_POINT('',(1.11022302462516E-15,-22.500000372529,17.5000002831221));
#2050=CARTESIAN_POINT('',(6.,-25.000000372529,15.0000002831221));
#2051=CARTESIAN_POINT('',(5.16666666666667,-24.1666670391957,15.8333336164554));
#2052=CARTESIAN_POINT('',(12.500000141561,-25.000000372529,15.0000002831221));
#2053=CARTESIAN_POINT('Origin',(-6.,-25.000000372529,15.0000002831221));
#2054=CARTESIAN_POINT('',(-6.,-25.000000372529,20.0000002831221));
#2055=CARTESIAN_POINT('',(-6.,-25.000000372529,7.50000014156103));
#2056=CARTESIAN_POINT('',(-5.16666666666667,-24.1666670391957,19.1666669497887));
#2057=CARTESIAN_POINT('Origin',(-6.,-25.000000372529,20.0000002831221));
#2058=CARTESIAN_POINT('',(6.,-25.000000372529,20.0000002831221));
#2059=CARTESIAN_POINT('',(4.,-23.000000372529,18.0000002831221));
#2060=CARTESIAN_POINT('',(19.0000002831221,-25.000000372529,20.));
#2061=CARTESIAN_POINT('Origin',(6.,-25.000000372529,20.0000002831221));
#2062=CARTESIAN_POINT('',(6.,-25.000000372529,10.000000141561));
#2063=CARTESIAN_POINT('Origin',(19.0000002831221,-25.000000372529,0.));
#2064=CARTESIAN_POINT('',(19.0000002831221,-25.000000372529,20.));
#2065=CARTESIAN_POINT('',(19.0000002831221,-25.000000372529,20.));
#2066=CARTESIAN_POINT('',(19.0000002831221,-25.000000372529,5.));
#2067=CARTESIAN_POINT('',(19.0000002831221,-25.000000372529,0.));
#2068=CARTESIAN_POINT('',(-19.0000002831221,-25.000000372529,5.));
#2069=CARTESIAN_POINT('',(9.50000014156103,-25.000000372529,5.));
#2070=CARTESIAN_POINT('',(-19.0000002831221,-25.000000372529,20.));
#2071=CARTESIAN_POINT('',(-19.0000002831221,-25.000000372529,0.));
#2072=CARTESIAN_POINT('',(19.0000002831221,-25.000000372529,20.));
#2073=CARTESIAN_POINT('',(4.6,-25.000000372529,9.25000014901161));
#2074=CARTESIAN_POINT('',(4.6,-25.000000372529,10.7500001490116));
#2075=CARTESIAN_POINT('',(4.6,-25.000000372529,6.00000007450581));
#2076=CARTESIAN_POINT('',(3.35,-25.000000372529,12.0000001490116));
#2077=CARTESIAN_POINT('Origin',(3.35,-25.000000372529,10.7500001490116));
#2078=CARTESIAN_POINT('',(-3.35,-25.000000372529,12.0000001490116));
#2079=CARTESIAN_POINT('',(7.20000014156103,-25.000000372529,12.0000001490116));
#2080=CARTESIAN_POINT('',(-4.6,-25.000000372529,10.7500001490116));
#2081=CARTESIAN_POINT('Origin',(-3.35,-25.000000372529,10.7500001490116));
#2082=CARTESIAN_POINT('',(-4.6,-25.000000372529,9.25000014901161));
#2083=CARTESIAN_POINT('',(-4.6,-25.000000372529,4.00000007450581));
#2084=CARTESIAN_POINT('',(-3.35,-25.000000372529,8.00000014901161));
#2085=CARTESIAN_POINT('Origin',(-3.35,-25.000000372529,9.25000014901161));
#2086=CARTESIAN_POINT('',(3.35,-25.000000372529,8.00000014901161));
#2087=CARTESIAN_POINT('',(11.800000141561,-25.000000372529,8.00000014901161));
#2088=CARTESIAN_POINT('Origin',(3.35,-25.000000372529,9.25000014901161));
#2089=CARTESIAN_POINT('Origin',(0.,0.,20.));
#2090=CARTESIAN_POINT('',(-17.,-26.,20.));
#2091=CARTESIAN_POINT('',(17.,-26.,20.));
#2092=CARTESIAN_POINT('',(20.,-26.,20.));
#2093=CARTESIAN_POINT('',(20.,-23.,20.));
#2094=CARTESIAN_POINT('Origin',(17.,-23.,20.));
#2095=CARTESIAN_POINT('',(20.,23.,20.));
#2096=CARTESIAN_POINT('',(20.,26.,20.));
#2097=CARTESIAN_POINT('',(17.,26.,20.));
#2098=CARTESIAN_POINT('Origin',(17.,23.,20.));
#2099=CARTESIAN_POINT('',(-17.,26.,20.));
#2100=CARTESIAN_POINT('',(-20.,26.,20.));
#2101=CARTESIAN_POINT('',(-20.,23.,20.));
#2102=CARTESIAN_POINT('Origin',(-17.,23.,20.));
#2103=CARTESIAN_POINT('',(-20.,-23.,20.));
#2104=CARTESIAN_POINT('',(-20.,-26.,20.));
#2105=CARTESIAN_POINT('Origin',(-17.,-23.,20.));
#2106=CARTESIAN_POINT('',(-19.0000002831221,25.000000372529,20.));
#2107=CARTESIAN_POINT('',(-19.0000002831221,-25.000000372529,20.));
#2108=CARTESIAN_POINT('',(-6.,25.000000372529,20.0000002831221));
#2109=CARTESIAN_POINT('',(-19.0000002831221,25.000000372529,20.));
#2110=CARTESIAN_POINT('',(6.,25.000000372529,20.0000002831221));
#2111=CARTESIAN_POINT('',(-19.0000002831221,25.000000372529,20.));
#2112=CARTESIAN_POINT('',(19.0000002831221,25.000000372529,20.));
#2113=CARTESIAN_POINT('',(-19.0000002831221,25.000000372529,20.));
#2114=CARTESIAN_POINT('',(19.0000002831221,25.000000372529,20.));
#2115=CARTESIAN_POINT('Origin',(-20.,-26.,0.));
#2116=CARTESIAN_POINT('',(-17.,-26.,0.));
#2117=CARTESIAN_POINT('',(-17.,-26.,0.));
#2118=CARTESIAN_POINT('',(17.,-26.,0.));
#2119=CARTESIAN_POINT('',(20.,-26.,0.));
#2120=CARTESIAN_POINT('',(17.,-26.,0.));
#2121=CARTESIAN_POINT('',(4.6,-26.,10.7500001490116));
#2122=CARTESIAN_POINT('',(4.6,-26.,9.25000014901161));
#2123=CARTESIAN_POINT('',(4.6,-26.,6.00000007450581));
#2124=CARTESIAN_POINT('',(3.35,-26.,8.00000014901161));
#2125=CARTESIAN_POINT('Origin',(3.35,-26.,9.25000014901161));
#2126=CARTESIAN_POINT('',(-3.35,-26.,8.00000014901161));
#2127=CARTESIAN_POINT('',(-7.7,-26.,8.00000014901161));
#2128=CARTESIAN_POINT('',(-4.6,-26.,9.25000014901161));
#2129=CARTESIAN_POINT('Origin',(-3.35,-26.,9.25000014901161));
#2130=CARTESIAN_POINT('',(-4.6,-26.,10.7500001490116));
#2131=CARTESIAN_POINT('',(-4.6,-26.,4.00000007450581));
#2132=CARTESIAN_POINT('',(-3.35,-26.,12.0000001490116));
#2133=CARTESIAN_POINT('Origin',(-3.35,-26.,10.7500001490116));
#2134=CARTESIAN_POINT('',(3.35,-26.,12.0000001490116));
#2135=CARTESIAN_POINT('',(-12.3,-26.,12.0000001490116));
#2136=CARTESIAN_POINT('Origin',(3.35,-26.,10.7500001490116));
#2137=CARTESIAN_POINT('Origin',(6.,25.000000372529,15.0000002831221));
#2138=CARTESIAN_POINT('',(-6.,25.000000372529,15.0000002831221));
#2139=CARTESIAN_POINT('',(-3.5,22.500000372529,17.5000002831221));
#2140=CARTESIAN_POINT('',(-4.,23.000000372529,17.0000002831221));
#2141=CARTESIAN_POINT('',(6.,25.000000372529,15.0000002831221));
#2142=CARTESIAN_POINT('',(-6.50000014156103,25.000000372529,15.0000002831221));
#2143=CARTESIAN_POINT('',(3.5,22.500000372529,17.5000002831221));
#2144=CARTESIAN_POINT('',(5.16666666666667,24.1666670391957,15.8333336164554));
#2145=CARTESIAN_POINT('',(1.11022302462516E-15,22.500000372529,17.5000002831221));
#2146=CARTESIAN_POINT('Origin',(-6.,25.000000372529,15.0000002831221));
#2147=CARTESIAN_POINT('',(-5.16666666666667,24.1666670391957,19.1666669497887));
#2148=CARTESIAN_POINT('',(-6.,25.000000372529,7.50000014156103));
#2149=CARTESIAN_POINT('Origin',(-6.,25.000000372529,20.0000002831221));
#2150=CARTESIAN_POINT('',(4.,23.000000372529,18.0000002831221));
#2151=CARTESIAN_POINT('Origin',(6.,25.000000372529,20.0000002831221));
#2152=CARTESIAN_POINT('',(6.00000000000001,25.000000372529,10.000000141561));
#2153=CARTESIAN_POINT('Origin',(-3.35,-26.,9.25000014901161));
#2154=CARTESIAN_POINT('',(-3.35,-26.,8.00000014901161));
#2155=CARTESIAN_POINT('',(-4.6,-26.,9.25000014901161));
#2156=CARTESIAN_POINT('Origin',(4.6,-26.,8.00000014901161));
#2157=CARTESIAN_POINT('',(3.35,-26.,8.00000014901161));
#2158=CARTESIAN_POINT('Origin',(3.35,-26.,9.25000014901161));
#2159=CARTESIAN_POINT('',(4.6,-26.,9.25000014901161));
#2160=CARTESIAN_POINT('Origin',(4.6,-26.,12.0000001490116));
#2161=CARTESIAN_POINT('',(4.6,-26.,10.7500001490116));
#2162=CARTESIAN_POINT('Origin',(-3.35,-26.,10.7500001490116));
#2163=CARTESIAN_POINT('',(-4.6,-26.,10.7500001490116));
#2164=CARTESIAN_POINT('',(-3.35,-26.,12.0000001490116));
#2165=CARTESIAN_POINT('Origin',(-4.6,-26.,8.00000014901161));
#2166=CARTESIAN_POINT('Origin',(3.35,-26.,10.7500001490116));
#2167=CARTESIAN_POINT('',(3.35,-26.,12.0000001490116));
#2168=CARTESIAN_POINT('Origin',(-4.6,-26.,12.0000001490116));
#2169=CARTESIAN_POINT('Origin',(-14.5,-14.1693434409921,0.));
#2170=CARTESIAN_POINT('',(-17.,-14.1693434409921,2.));
#2171=CARTESIAN_POINT('',(-14.5,-16.6693434409921,2.));
#2172=CARTESIAN_POINT('Origin',(-14.5,-14.1693434409921,2.));
#2173=CARTESIAN_POINT('',(-14.5,-16.6693434409921,0.));
#2174=CARTESIAN_POINT('',(-14.5,-16.6693434409921,0.));
#2175=CARTESIAN_POINT('',(-17.,-14.1693434409921,0.));
#2176=CARTESIAN_POINT('Origin',(-14.5,-14.1693434409921,0.));
#2177=CARTESIAN_POINT('',(-17.,-14.1693434409921,0.));
#2178=CARTESIAN_POINT('Origin',(17.,-16.6693434409921,0.));
#2179=CARTESIAN_POINT('',(14.5,-16.6693434409921,2.));
#2180=CARTESIAN_POINT('',(-17.,-16.6693434409921,2.));
#2181=CARTESIAN_POINT('',(14.5,-16.6693434409921,0.));
#2182=CARTESIAN_POINT('',(14.5,-16.6693434409921,0.));
#2183=CARTESIAN_POINT('',(-17.,-16.6693434409921,0.));
#2184=CARTESIAN_POINT('Origin',(-14.5,15.6176743785876,0.));
#2185=CARTESIAN_POINT('',(-14.5,18.1176743785876,2.));
#2186=CARTESIAN_POINT('',(-17.,15.6176743785876,2.));
#2187=CARTESIAN_POINT('Origin',(-14.5,15.6176743785876,2.));
#2188=CARTESIAN_POINT('',(-17.,15.6176743785876,0.));
#2189=CARTESIAN_POINT('',(-17.,15.6176743785876,0.));
#2190=CARTESIAN_POINT('',(-14.5,18.1176743785876,0.));
#2191=CARTESIAN_POINT('Origin',(-14.5,15.6176743785876,0.));
#2192=CARTESIAN_POINT('',(-14.5,18.1176743785876,0.));
#2193=CARTESIAN_POINT('Origin',(-17.,-23.4666999759106,0.));
#2194=CARTESIAN_POINT('',(-17.,23.5,0.));
#2195=CARTESIAN_POINT('',(-17.,23.5,2.));
#2196=CARTESIAN_POINT('',(-17.,-1.32893139330839,2.));
#2197=CARTESIAN_POINT('',(-17.,23.5,5.));
#2198=CARTESIAN_POINT('',(-17.,23.5,0.));
#2199=CARTESIAN_POINT('',(-17.,-23.4666999759106,5.));
#2200=CARTESIAN_POINT('',(-17.,23.5,5.));
#2201=CARTESIAN_POINT('',(-17.,-23.4666999759106,2.));
#2202=CARTESIAN_POINT('',(-17.,-23.4666999759106,0.));
#2203=CARTESIAN_POINT('',(-17.,-21.7673608421809,2.));
#2204=CARTESIAN_POINT('Origin',(14.5,15.6176743785876,0.));
#2205=CARTESIAN_POINT('',(17.,15.6176743785876,2.));
#2206=CARTESIAN_POINT('',(14.5,18.1176743785876,2.));
#2207=CARTESIAN_POINT('Origin',(14.5,15.6176743785876,2.));
#2208=CARTESIAN_POINT('',(14.5,18.1176743785876,0.));
#2209=CARTESIAN_POINT('',(14.5,18.1176743785876,0.));
#2210=CARTESIAN_POINT('',(17.,15.6176743785876,0.));
#2211=CARTESIAN_POINT('Origin',(14.5,15.6176743785876,0.));
#2212=CARTESIAN_POINT('',(17.,15.6176743785876,0.));
#2213=CARTESIAN_POINT('Origin',(-17.,18.1176743785877,0.));
#2214=CARTESIAN_POINT('',(17.,18.1176743785876,0.));
#2215=CARTESIAN_POINT('',(17.,18.1176743785876,2.));
#2216=CARTESIAN_POINT('Origin',(14.5,-14.1693434409921,0.));
#2217=CARTESIAN_POINT('',(17.,-14.1693434409921,2.));
#2218=CARTESIAN_POINT('Origin',(14.5,-14.1693434409921,2.));
#2219=CARTESIAN_POINT('',(17.,-14.1693434409921,0.));
#2220=CARTESIAN_POINT('',(17.,-14.1693434409921,0.));
#2221=CARTESIAN_POINT('Origin',(14.5,-14.1693434409921,0.));
#2222=CARTESIAN_POINT('Origin',(17.,23.5,0.));
#2223=CARTESIAN_POINT('',(17.,-23.5,0.));
#2224=CARTESIAN_POINT('',(17.,-23.4666999759106,2.));
#2225=CARTESIAN_POINT('',(17.,1.71598914577434,2.));
#2226=CARTESIAN_POINT('',(17.,-23.4666999759106,5.));
#2227=CARTESIAN_POINT('',(17.,-23.4666999759106,0.));
#2228=CARTESIAN_POINT('',(17.,23.5,5.));
#2229=CARTESIAN_POINT('',(17.,-23.5,5.));
#2230=CARTESIAN_POINT('',(17.,23.5,2.));
#2231=CARTESIAN_POINT('',(17.,23.5,0.));
#2232=CARTESIAN_POINT('',(17.,22.1544185946469,2.));
#2233=CARTESIAN_POINT('Origin',(-17.,23.,0.));
#2234=CARTESIAN_POINT('',(-17.,26.,0.));
#2235=CARTESIAN_POINT('',(-17.,26.,0.));
#2236=CARTESIAN_POINT('',(-20.,23.,0.));
#2237=CARTESIAN_POINT('Origin',(-17.,23.,0.));
#2238=CARTESIAN_POINT('',(-20.,23.,0.));
#2239=CARTESIAN_POINT('Origin',(-20.,26.,0.));
#2240=CARTESIAN_POINT('',(-20.,-23.,0.));
#2241=CARTESIAN_POINT('',(-20.,-26.,0.));
#2242=CARTESIAN_POINT('',(-20.,-23.,0.));
#2243=CARTESIAN_POINT('Origin',(0.,0.,0.));
#2244=CARTESIAN_POINT('',(17.,26.,0.));
#2245=CARTESIAN_POINT('',(-20.,26.,0.));
#2246=CARTESIAN_POINT('',(20.,23.,0.));
#2247=CARTESIAN_POINT('Origin',(17.,23.,0.));
#2248=CARTESIAN_POINT('',(20.,-23.,0.));
#2249=CARTESIAN_POINT('',(20.,26.,0.));
#2250=CARTESIAN_POINT('Origin',(17.,-23.,0.));
#2251=CARTESIAN_POINT('Origin',(-17.,-23.,0.));
#2252=CARTESIAN_POINT('Origin',(17.,23.,0.));
#2253=CARTESIAN_POINT('',(20.,23.,0.));
#2254=CARTESIAN_POINT('',(17.,26.,0.));
#2255=CARTESIAN_POINT('Origin',(20.,-26.,0.));
#2256=CARTESIAN_POINT('',(20.,-23.,0.));
#2257=CARTESIAN_POINT('Origin',(17.,-23.,0.));
#2258=CARTESIAN_POINT('Origin',(-17.,-23.,0.));
#2259=CARTESIAN_POINT('Origin',(-2.22044604925031E-15,-20.0680217084513,
2.));
#2260=CARTESIAN_POINT('',(8.5,-23.4666999759106,2.));
#2261=CARTESIAN_POINT('Origin',(-2.22044604925031E-15,20.8088371892938,
2.));
#2262=CARTESIAN_POINT('',(-8.5,23.5,2.));
#2263=CARTESIAN_POINT('Origin',(-17.,23.5,0.));
#2264=CARTESIAN_POINT('',(17.,23.5,5.));
#2265=CARTESIAN_POINT('Origin',(17.,-23.4666999759106,0.));
#2266=CARTESIAN_POINT('',(-17.,-23.4666999759106,5.));
#2267=CARTESIAN_POINT('Origin',(0.,0.,5.));
#2268=CARTESIAN_POINT('',(-19.0000002831221,25.000000372529,5.));
#2269=CARTESIAN_POINT('',(19.0000002831221,25.000000372529,5.));
#2270=CARTESIAN_POINT('',(-9.50000014156103,25.000000372529,5.));
#2271=CARTESIAN_POINT('',(-19.0000002831221,-12.5000001862645,5.));
#2272=CARTESIAN_POINT('',(19.0000002831221,12.5000001862645,5.));
#2273=CARTESIAN_POINT('Origin',(-19.0000002831221,-25.000000372529,0.));
#2274=CARTESIAN_POINT('',(-19.0000002831221,25.000000372529,0.));
#2275=CARTESIAN_POINT('Origin',(19.0000002831221,25.000000372529,0.));
#2276=CARTESIAN_POINT('',(19.0000002831221,25.000000372529,0.));
#2277=CARTESIAN_POINT('Origin',(-19.0000002831221,25.000000372529,0.));
#2278=CARTESIAN_POINT('Origin',(20.,26.,0.));
#2279=CARTESIAN_POINT('Origin',(4.5,26.,0.));
#2280=CARTESIAN_POINT('',(4.5,26.,0.));
#2281=CARTESIAN_POINT('',(6.00000047683716,26.,0.));
#2282=CARTESIAN_POINT('',(-20.,26.,0.));
#2283=CARTESIAN_POINT('',(6.00000047683716,26.,5.));
#2284=CARTESIAN_POINT('',(6.00000047683716,26.,0.));
#2285=CARTESIAN_POINT('',(4.5,26.,5.));
#2286=CARTESIAN_POINT('',(-20.,26.,5.));
#2287=CARTESIAN_POINT('',(4.5,26.,0.));
#2288=CARTESIAN_POINT('Origin',(0.,26.,0.));
#2289=CARTESIAN_POINT('',(-4.5,26.,0.));
#2290=CARTESIAN_POINT('Origin',(0.,26.,0.));
#2291=CARTESIAN_POINT('',(-4.5,26.,5.));
#2292=CARTESIAN_POINT('Origin',(0.,26.,5.));
#2293=CARTESIAN_POINT('',(-4.5,26.,0.));
#2294=CARTESIAN_POINT('Origin',(-6.00000047683716,26.,0.));
#2295=CARTESIAN_POINT('',(-6.00000047683716,26.,0.));
#2296=CARTESIAN_POINT('',(-20.,26.,0.));
#2297=CARTESIAN_POINT('',(-6.00000047683716,26.,5.));
#2298=CARTESIAN_POINT('',(-20.,26.,5.));
#2299=CARTESIAN_POINT('',(-6.00000047683716,26.,0.));
#2300=CARTESIAN_POINT('Origin',(0.,26.,0.));
#2301=CARTESIAN_POINT('Origin',(0.,26.,0.));
#2302=CARTESIAN_POINT('Origin',(0.,26.,5.));
#2303=CARTESIAN_POINT('Origin',(0.,29.0000002384186,5.));
#2304=CARTESIAN_POINT('Origin',(0.,29.0000002384186,0.));
#2305=CARTESIAN_POINT('',(-74.782271213754,0.139770961372661,26.5749647340688));
#2306=UNCERTAINTY_MEASURE_WITH_UNIT(LENGTH_MEASURE(0.01),#2312,
'DISTANCE_ACCURACY_VALUE',
'Maximum model space distance between geometric entities at asserted c
onnectivities');
#2307=UNCERTAINTY_MEASURE_WITH_UNIT(LENGTH_MEASURE(0.01),#2312,
'DISTANCE_ACCURACY_VALUE',
'Maximum model space distance between geometric entities at asserted c
onnectivities');
#2308=UNCERTAINTY_MEASURE_WITH_UNIT(LENGTH_MEASURE(0.01),#2312,
'DISTANCE_ACCURACY_VALUE',
'Maximum model space distance between geometric entities at asserted c
onnectivities');
#2309=(
GEOMETRIC_REPRESENTATION_CONTEXT(3)
GLOBAL_UNCERTAINTY_ASSIGNED_CONTEXT((#2306))
GLOBAL_UNIT_ASSIGNED_CONTEXT((#2312,#2314,#2315))
REPRESENTATION_CONTEXT('','3D')
);
#2310=(
GEOMETRIC_REPRESENTATION_CONTEXT(3)
GLOBAL_UNCERTAINTY_ASSIGNED_CONTEXT((#2307))
GLOBAL_UNIT_ASSIGNED_CONTEXT((#2312,#2314,#2315))
REPRESENTATION_CONTEXT('','3D')
);
#2311=(
GEOMETRIC_REPRESENTATION_CONTEXT(3)
GLOBAL_UNCERTAINTY_ASSIGNED_CONTEXT((#2308))
GLOBAL_UNIT_ASSIGNED_CONTEXT((#2312,#2314,#2315))
REPRESENTATION_CONTEXT('','3D')
);
#2312=(
LENGTH_UNIT()
NAMED_UNIT(*)
SI_UNIT(.MILLI.,.METRE.)
);
#2313=(
LENGTH_UNIT()
NAMED_UNIT(*)
SI_UNIT($,.METRE.)
);
#2314=(
NAMED_UNIT(*)
PLANE_ANGLE_UNIT()
SI_UNIT($,.RADIAN.)
);
#2315=(
NAMED_UNIT(*)
SI_UNIT($,.STERADIAN.)
SOLID_ANGLE_UNIT()
);
#2316=SHAPE_DEFINITION_REPRESENTATION(#2318,#2321);
#2317=SHAPE_DEFINITION_REPRESENTATION(#2319,#2322);
#2318=PRODUCT_DEFINITION_SHAPE('',$,#2324);
#2319=PRODUCT_DEFINITION_SHAPE('',$,#2325);
#2320=PRODUCT_DEFINITION_SHAPE($,$,#14);
#2321=SHAPE_REPRESENTATION('',(#1410,#1522),#2309);
#2322=SHAPE_REPRESENTATION('',(#1411),#2310);
#2323=PRODUCT_DEFINITION_CONTEXT('part definition',#2331,'design');
#2324=PRODUCT_DEFINITION('2026-07-28-19-00-41-840',
'Tokeychain Case V2 snap fittttt',#2326,#2323);
#2325=PRODUCT_DEFINITION('2026-08-04-23-28-23-852','Lid',#2327,#2323);
#2326=PRODUCT_DEFINITION_FORMATION('',$,#2333);
#2327=PRODUCT_DEFINITION_FORMATION('',$,#2334);
#2328=PRODUCT_RELATED_PRODUCT_CATEGORY(
'Tokeychain Case V2 snap fittttt','Tokeychain Case V2 snap fittttt',(#2333));
#2329=PRODUCT_RELATED_PRODUCT_CATEGORY('Lid','Lid',(#2334));
#2330=APPLICATION_PROTOCOL_DEFINITION('international standard',
'automotive_design',2009,#2331);
#2331=APPLICATION_CONTEXT(
'Core Data for Automotive Mechanical Design Process');
#2332=PRODUCT_CONTEXT('part definition',#2331,'mechanical');
#2333=PRODUCT('2026-07-28-19-00-41-840',
'Tokeychain Case V2 snap fittttt',$,(#2332));
#2334=PRODUCT('2026-08-04-23-28-23-852','Lid',$,(#2332));
#2335=PRESENTATION_STYLE_ASSIGNMENT((#2336));
#2336=SURFACE_STYLE_USAGE(.BOTH.,#2337);
#2337=SURFACE_SIDE_STYLE('',(#2338));
#2338=SURFACE_STYLE_FILL_AREA(#2339);
#2339=FILL_AREA_STYLE('Steel - Satin',(#2340));
#2340=FILL_AREA_STYLE_COLOUR('Steel - Satin',#2341);
#2341=COLOUR_RGB('Steel - Satin',0.627450980392157,0.627450980392157,0.627450980392157);
ENDSEC;
END-ISO-10303-21;
